[{"id":"5511964681806@s.whatsapp.net","xp":1210495,"level":8},{"id":"5519982985523@s.whatsapp.net","xp":1251718,"level":8},{"id":"553191247863@s.whatsapp.net","xp":535364,"level":7},{"id":"555399035138@s.whatsapp.net","xp":1508109,"level":9},{"id":"556286234865@s.whatsapp.net","xp":490847,"level":7},{"id":"558494732434@s.whatsapp.net","xp":1347457,"level":9},{"id":"5511979857546@s.whatsapp.net","xp":489106,"level":7},{"id":"556199013841@s.whatsapp.net","xp":466673,"level":7},{"id":"5521998376277@s.whatsapp.net","xp":369345,"level":7},{"id":"558597917367@s.whatsapp.net","xp":748477,"level":8},{"id":"559294450170@s.whatsapp.net","xp":219956,"level":6},{"id":"556198199034@s.whatsapp.net","xp":236109,"level":6},{"id":"558599895391@s.whatsapp.net","xp":1039203,"level":8},{"id":"553180162751@s.whatsapp.net","xp":557181,"level":7},{"id":"553298531350@s.whatsapp.net","xp":154229,"level":5},{"id":"554797646916@s.whatsapp.net","xp":209951,"level":6},{"id":"554791348240@s.whatsapp.net","xp":629618,"level":7},{"id":"5511958312208@s.whatsapp.net","xp":600842,"level":7},{"id":"556296188838@s.whatsapp.net","xp":146154,"level":5},{"id":"558398419055@s.whatsapp.net","xp":145848,"level":5},{"id":"5521981689107@s.whatsapp.net","xp":613050,"level":7},{"id":"18064824228@s.whatsapp.net","xp":241128,"level":6},{"id":"554187855836@s.whatsapp.net","xp":611126,"level":7},{"id":"556696240884@s.whatsapp.net","xp":195336,"level":6},{"id":"557187215035@s.whatsapp.net","xp":282502,"level":6},{"id":"553195760666@s.whatsapp.net","xp":727337,"level":8},{"id":"557999843042@s.whatsapp.net","xp":353958,"level":7},{"id":"5515997582807@s.whatsapp.net","xp":91821,"level":5},{"id":"5527992351023@s.whatsapp.net","xp":913080,"level":8},{"id":"555197288320@s.whatsapp.net","xp":106518,"level":5},{"id":"554291452626@s.whatsapp.net","xp":427125,"level":7},{"id":"5511988985726@s.whatsapp.net","xp":538333,"level":7},{"id":"559188798825@s.whatsapp.net","xp":101400,"level":5},{"id":"554298485953@s.whatsapp.net","xp":128172,"level":5},{"id":"558386737669@s.whatsapp.net","xp":86315,"level":5},{"id":"554185005202@s.whatsapp.net","xp":85789,"level":5},{"id":"5527995105103@s.whatsapp.net","xp":88285,"level":5},{"id":"559184135976@s.whatsapp.net","xp":373366,"level":7},{"id":"554399737646@s.whatsapp.net","xp":117979,"level":5},{"id":"555191617886@s.whatsapp.net","xp":146789,"level":5},{"id":"559185043253@s.whatsapp.net","xp":443626,"level":7},{"id":"5515998268136@s.whatsapp.net","xp":296778,"level":6},{"id":"556193820962@s.whatsapp.net","xp":158542,"level":6},{"id":"556384424440@s.whatsapp.net","xp":262476,"level":6},{"id":"555192408391@s.whatsapp.net","xp":67083,"level":4},{"id":"557999499184@s.whatsapp.net","xp":85769,"level":5},{"id":"558899310643@s.whatsapp.net","xp":164450,"level":6},{"id":"554896983180@s.whatsapp.net","xp":71623,"level":4},{"id":"555399373754@s.whatsapp.net","xp":58998,"level":4},{"id":"552192539941@s.whatsapp.net","xp":330327,"level":7},{"id":"554196526761@s.whatsapp.net","xp":988377,"level":8},{"id":"558488993999@s.whatsapp.net","xp":109984,"level":5},{"id":"351914234283@s.whatsapp.net","xp":96830,"level":5},{"id":"5521985770889@s.whatsapp.net","xp":283478,"level":6},{"id":"554396466824@s.whatsapp.net","xp":213863,"level":6},{"id":"5518996749318@s.whatsapp.net","xp":74168,"level":4},{"id":"559981088402@s.whatsapp.net","xp":47936,"level":4},{"id":"559188556335@s.whatsapp.net","xp":44912,"level":4},{"id":"556199589604@s.whatsapp.net","xp":61574,"level":4},{"id":"5521991835416@s.whatsapp.net","xp":66068,"level":4},{"id":"559681426125@s.whatsapp.net","xp":44369,"level":4},{"id":"555198287974@s.whatsapp.net","xp":64631,"level":4},{"id":"553498401247@s.whatsapp.net","xp":42895,"level":4},{"id":"557391944397@s.whatsapp.net","xp":302770,"level":6},{"id":"5511964599892@s.whatsapp.net","xp":152284,"level":5},{"id":"556196619769@s.whatsapp.net","xp":40861,"level":4},{"id":"5514996541467@s.whatsapp.net","xp":68098,"level":4},{"id":"556296936764@s.whatsapp.net","xp":78711,"level":5},{"id":"258844795677@s.whatsapp.net","xp":228977,"level":6},{"id":"554796453845@s.whatsapp.net","xp":134129,"level":5},{"id":"559191707457@s.whatsapp.net","xp":37876,"level":4},{"id":"554197874661@s.whatsapp.net","xp":35838,"level":4},{"id":"553189647837@s.whatsapp.net","xp":939001,"level":8},{"id":"556285279349@s.whatsapp.net","xp":91316,"level":5},{"id":"556384150333@s.whatsapp.net","xp":86258,"level":5},{"id":"554784389884@s.whatsapp.net","xp":69645,"level":4},{"id":"554184304313@s.whatsapp.net","xp":52985,"level":4},{"id":"558587531897@s.whatsapp.net","xp":135718,"level":5},{"id":"554998177318@s.whatsapp.net","xp":115530,"level":5},{"id":"5521971002426@s.whatsapp.net","xp":30539,"level":3},{"id":"555185219848@s.whatsapp.net","xp":140313,"level":5},{"id":"557996329352@s.whatsapp.net","xp":46899,"level":4},{"id":"557398702002@s.whatsapp.net","xp":29253,"level":3},{"id":"559491343970@s.whatsapp.net","xp":29244,"level":3},{"id":"5511949907065@s.whatsapp.net","xp":120632,"level":5},{"id":"559196186812@s.whatsapp.net","xp":26734,"level":3},{"id":"559691459976@s.whatsapp.net","xp":25732,"level":3},{"id":"559199142388@s.whatsapp.net","xp":25272,"level":3},{"id":"553299362343@s.whatsapp.net","xp":38829,"level":4},{"id":"559185162482@s.whatsapp.net","xp":179737,"level":6},{"id":"556899594092@s.whatsapp.net","xp":26225,"level":3},{"id":"556899265179@s.whatsapp.net","xp":120541,"level":5},{"id":"558591820077@s.whatsapp.net","xp":57881,"level":4},{"id":"555599970223@s.whatsapp.net","xp":21659,"level":3},{"id":"994406445183@s.whatsapp.net","xp":20171,"level":3},{"id":"559192359119@s.whatsapp.net","xp":41381,"level":4},{"id":"554497553835@s.whatsapp.net","xp":30273,"level":3},{"id":"553199040427@s.whatsapp.net","xp":19664,"level":3},{"id":"258843717556@s.whatsapp.net","xp":56036,"level":4},{"id":"554898379217@s.whatsapp.net","xp":33816,"level":3},{"id":"5511970745823@s.whatsapp.net","xp":16639,"level":3},{"id":"559899848397@s.whatsapp.net","xp":32840,"level":3},{"id":"5516988260229@s.whatsapp.net","xp":15663,"level":3},{"id":"5518997531759@s.whatsapp.net","xp":15635,"level":3},{"id":"558588968147@s.whatsapp.net","xp":77704,"level":5},{"id":"5527995196912@s.whatsapp.net","xp":106926,"level":5},{"id":"5511991558233@s.whatsapp.net","xp":27772,"level":3},{"id":"556292280669@s.whatsapp.net","xp":16660,"level":3},{"id":"554192747232@s.whatsapp.net","xp":104955,"level":5},{"id":"559981689179@s.whatsapp.net","xp":110018,"level":5},{"id":"556283296442@s.whatsapp.net","xp":13111,"level":2},{"id":"558586467639@s.whatsapp.net","xp":12107,"level":2},{"id":"5511943731042@s.whatsapp.net","xp":73169,"level":4},{"id":"558293239535@s.whatsapp.net","xp":211355,"level":6},{"id":"556381449846@s.whatsapp.net","xp":21686,"level":3},{"id":"559184035474@s.whatsapp.net","xp":1000701757,"level":107},{"id":"5511984618028@s.whatsapp.net","xp":12120,"level":2},{"id":"5513981275673@s.whatsapp.net","xp":10594,"level":2},{"id":"5513996266926@s.whatsapp.net","xp":10099,"level":2},{"id":"557391409217@s.whatsapp.net","xp":11608,"level":2},{"id":"558589941372@s.whatsapp.net","xp":432426,"level":7},{"id":"554896514674@s.whatsapp.net","xp":9590,"level":2},{"id":"559891684303@s.whatsapp.net","xp":172465,"level":6},{"id":"559189655277@s.whatsapp.net","xp":99884,"level":5},{"id":"557988721575@s.whatsapp.net","xp":21707,"level":3},{"id":"556493386272@s.whatsapp.net","xp":236673,"level":6},{"id":"559491124160@s.whatsapp.net","xp":8061,"level":2},{"id":"557582689999@s.whatsapp.net","xp":7560,"level":2},{"id":"556899839299@s.whatsapp.net","xp":12103,"level":2},{"id":"5521984041605@s.whatsapp.net","xp":7568,"level":2},{"id":"5521971696779@s.whatsapp.net","xp":13617,"level":2},{"id":"559891653646@s.whatsapp.net","xp":19682,"level":3},{"id":"553597403841@s.whatsapp.net","xp":18714,"level":3},{"id":"554298567347@s.whatsapp.net","xp":78632,"level":5},{"id":"553173548970@s.whatsapp.net","xp":38297,"level":4},{"id":"558695331464@s.whatsapp.net","xp":4552,"level":1},{"id":"559192182897@s.whatsapp.net","xp":5046,"level":2},{"id":"559182443158@s.whatsapp.net","xp":4533,"level":1},{"id":"258846696797@s.whatsapp.net","xp":4046,"level":1},{"id":"554599432716@s.whatsapp.net","xp":8571,"level":2},{"id":"554498919550@s.whatsapp.net","xp":52457,"level":4},{"id":"5518996478533@s.whatsapp.net","xp":35837,"level":4},{"id":"555192405159@s.whatsapp.net","xp":14122,"level":2},{"id":"554884213536@s.whatsapp.net","xp":13629,"level":2},{"id":"556391181269@s.whatsapp.net","xp":48919,"level":4},{"id":"5518996262848@s.whatsapp.net","xp":172971,"level":6},{"id":"558494116887@s.whatsapp.net","xp":61509,"level":4},{"id":"559484314737@s.whatsapp.net","xp":21180,"level":3},{"id":"5511980441552@s.whatsapp.net","xp":43378,"level":4},{"id":"447418335403@s.whatsapp.net","xp":2512,"level":1},{"id":"557996636053@s.whatsapp.net","xp":17149,"level":3},{"id":"5511947472460@s.whatsapp.net","xp":2019,"level":1},{"id":"258844724629@s.whatsapp.net","xp":2016,"level":1},{"id":"5521974142935@s.whatsapp.net","xp":1518,"level":1},{"id":"559185208887@s.whatsapp.net","xp":1517,"level":1},{"id":"5521967258754@s.whatsapp.net","xp":33307,"level":3},{"id":"559299839173@s.whatsapp.net","xp":266814,"level":6},{"id":"5515991567260@s.whatsapp.net","xp":1510,"level":1},{"id":"559183493088@s.whatsapp.net","xp":2536,"level":1},{"id":"258862264853@s.whatsapp.net","xp":1016,"level":1},{"id":"559391257820@s.whatsapp.net","xp":121117,"level":5},{"id":"556198272207@s.whatsapp.net","xp":69688,"level":4},{"id":"5521988569891@s.whatsapp.net","xp":6555,"level":2},{"id":"556283114041@s.whatsapp.net","xp":510,"level":1},{"id":"558681300029@s.whatsapp.net","xp":509,"level":1},{"id":"5511937737590@s.whatsapp.net","xp":1016,"level":1},{"id":"553398238711@s.whatsapp.net","xp":502,"level":1},{"id":"5516997420725@s.whatsapp.net","xp":18172,"level":3},{"id":"559189541560@s.whatsapp.net","xp":502,"level":1},{"id":"5511967836983@s.whatsapp.net","xp":15628,"level":3},{"id":"559184691753@s.whatsapp.net","xp":4535,"level":1},{"id":"5511952151985@s.whatsapp.net","xp":1,"level":1},{"id":"555499637658@s.whatsapp.net","xp":1,"level":1},{"id":"555195969844@s.whatsapp.net","xp":1008,"level":1},{"id":"258845403186@s.whatsapp.net","xp":1,"level":1},{"id":"5521992208291@s.whatsapp.net","xp":1,"level":1},{"id":"558581455657@s.whatsapp.net","xp":26221,"level":3},{"id":"5527997456694@s.whatsapp.net","xp":69642,"level":4},{"id":"258843877816@s.whatsapp.net","xp":1513,"level":1},{"id":"556293226036@s.whatsapp.net","xp":69125,"level":4},{"id":"554299421859@s.whatsapp.net","xp":7568,"level":2},{"id":"558396058310@s.whatsapp.net","xp":1,"level":1},{"id":"553195931928@s.whatsapp.net","xp":1,"level":1},{"id":"553299779622@s.whatsapp.net","xp":1,"level":1},{"id":"558171101903@s.whatsapp.net","xp":1,"level":1},{"id":"554191187505@s.whatsapp.net","xp":143747,"level":5},{"id":"258869867121@s.whatsapp.net","xp":24704,"level":3},{"id":"556385137090@s.whatsapp.net","xp":53973,"level":4},{"id":"554699299597@s.whatsapp.net","xp":32275,"level":3},{"id":"556295572730@s.whatsapp.net","xp":12130,"level":2},{"id":"5511962838546@s.whatsapp.net","xp":188236,"level":6},{"id":"5515996130941@s.whatsapp.net","xp":9585,"level":2},{"id":"5511988425911@s.whatsapp.net","xp":3016,"level":1},{"id":"258873560081@s.whatsapp.net","xp":2518,"level":1},{"id":"558581236723@s.whatsapp.net","xp":1,"level":1},{"id":"556781763898@s.whatsapp.net","xp":16171,"level":3},{"id":"559293283300@s.whatsapp.net","xp":1,"level":1},{"id":"559299872040@s.whatsapp.net","xp":1,"level":1},{"id":"558582259872@s.whatsapp.net","xp":2022,"level":1},{"id":"556596203870@s.whatsapp.net","xp":1,"level":1},{"id":"5511984628131@s.whatsapp.net","xp":4027,"level":1},{"id":"559199411665@s.whatsapp.net","xp":1519,"level":1},{"id":"5518997240325@s.whatsapp.net","xp":1,"level":1},{"id":"554591433391@s.whatsapp.net","xp":76661,"level":5},{"id":"558398299016@s.whatsapp.net","xp":245194,"level":6},{"id":"558197285844@s.whatsapp.net","xp":7566,"level":2},{"id":"556592163156@s.whatsapp.net","xp":13611,"level":2},{"id":"559784239970@s.whatsapp.net","xp":51439,"level":4},{"id":"6282382895228@s.whatsapp.net","xp":4036,"level":1},{"id":"556198095075@s.whatsapp.net","xp":1,"level":1},{"id":"556599373634@s.whatsapp.net","xp":5051,"level":2},{"id":"557991824342@s.whatsapp.net","xp":96358,"level":5},{"id":"558898054580@s.whatsapp.net","xp":794645,"level":8},{"id":"5511942623147@s.whatsapp.net","xp":1058411,"level":8},{"id":"553797790365@s.whatsapp.net","xp":49912,"level":4},{"id":"559293082893@s.whatsapp.net","xp":1,"level":1},{"id":"5516988556807@s.whatsapp.net","xp":30280,"level":3},{"id":"558491082132@s.whatsapp.net","xp":1,"level":1},{"id":"559892141014@s.whatsapp.net","xp":19679,"level":3},{"id":"5511945769307@s.whatsapp.net","xp":1,"level":1},{"id":"5517988431319@s.whatsapp.net","xp":1,"level":1},{"id":"554598326175@s.whatsapp.net","xp":1,"level":1},{"id":"554591386965@s.whatsapp.net","xp":1,"level":1},{"id":"5513996086012@s.whatsapp.net","xp":1,"level":1},{"id":"553387512904@s.whatsapp.net","xp":296730,"level":6},{"id":"559784122591@s.whatsapp.net","xp":1,"level":1},{"id":"5518981311219@s.whatsapp.net","xp":3027,"level":1},{"id":"559982770865@s.whatsapp.net","xp":7578,"level":2},{"id":"5511949119225@s.whatsapp.net","xp":13640,"level":2},{"id":"554298000277@s.whatsapp.net","xp":67051,"level":4},{"id":"559181449982@s.whatsapp.net","xp":10627,"level":2},{"id":"555192828726@s.whatsapp.net","xp":233563,"level":6},{"id":"5511977271267@s.whatsapp.net","xp":292575,"level":6},{"id":"553188112332@s.whatsapp.net","xp":17149,"level":3},{"id":"5519999813057@s.whatsapp.net","xp":44420,"level":4},{"id":"558599337793@s.whatsapp.net","xp":15628,"level":3},{"id":"5511970886954@s.whatsapp.net","xp":1013,"level":1},{"id":"559996518751@s.whatsapp.net","xp":22715,"level":3},{"id":"5522999210088@s.whatsapp.net","xp":60522,"level":4},{"id":"559691409651@s.whatsapp.net","xp":86819,"level":5},{"id":"556799449904@s.whatsapp.net","xp":19712,"level":3},{"id":"556793248390@s.whatsapp.net","xp":9085,"level":2},{"id":"554298645790@s.whatsapp.net","xp":1017,"level":1},{"id":"558393987377@s.whatsapp.net","xp":54987,"level":4},{"id":"555181879203@s.whatsapp.net","xp":33793,"level":3},{"id":"13068055169@s.whatsapp.net","xp":20710,"level":3},{"id":"5528999205047@s.whatsapp.net","xp":1,"level":1},{"id":"557999908001@s.whatsapp.net","xp":1,"level":1},{"id":"554196704288@s.whatsapp.net","xp":1,"level":1},{"id":"5512981477612@s.whatsapp.net","xp":46927,"level":4},{"id":"555196648712@s.whatsapp.net","xp":1,"level":1},{"id":"13435005847@s.whatsapp.net","xp":9082,"level":2},{"id":"18637778932@s.whatsapp.net","xp":64518,"level":4},{"id":"553898905685@s.whatsapp.net","xp":101876,"level":5},{"id":"558296078356@s.whatsapp.net","xp":2025,"level":1},{"id":"559892131715@s.whatsapp.net","xp":1,"level":1},{"id":"558487943629@s.whatsapp.net","xp":37801,"level":4},{"id":"559584045954@s.whatsapp.net","xp":7573,"level":2},{"id":"559293433933@s.whatsapp.net","xp":1,"level":1},{"id":"558581455657@s.whatsapp.net","xp":82751,"level":5},{"id":"5522981741282@s.whatsapp.net","xp":66645,"level":4},{"id":"258878102004@s.whatsapp.net","xp":2012,"level":1},{"id":"5518991038956@s.whatsapp.net","xp":8564,"level":2},{"id":"557196243357@s.whatsapp.net","xp":14136,"level":2},{"id":"5521969013327@s.whatsapp.net","xp":7049,"level":2},{"id":"5514997645220@s.whatsapp.net","xp":157466,"level":6},{"id":"5519982511379@s.whatsapp.net","xp":920592,"level":8},{"id":"554784212314@s.whatsapp.net","xp":28763,"level":3},{"id":"13069942580@s.whatsapp.net","xp":15642,"level":3},{"id":"5511957467193@s.whatsapp.net","xp":128704,"level":5},{"id":"5513991993669@s.whatsapp.net","xp":1,"level":1},{"id":"5513991229377@s.whatsapp.net","xp":1,"level":1},{"id":"553898516060@s.whatsapp.net","xp":1,"level":1},{"id":"554599044496@s.whatsapp.net","xp":44392,"level":4},{"id":"5521989441870@s.whatsapp.net","xp":1,"level":1},{"id":"17743770417@s.whatsapp.net","xp":1,"level":1},{"id":"558981277882@s.whatsapp.net","xp":1,"level":1},{"id":"5511996563452@s.whatsapp.net","xp":1,"level":1},{"id":"554388359490@s.whatsapp.net","xp":28196,"level":3},{"id":"5511983181805@s.whatsapp.net","xp":1,"level":1},{"id":"558499014624@s.whatsapp.net","xp":114625,"level":5},{"id":"559192838373@s.whatsapp.net","xp":1,"level":1},{"id":"559191650025@s.whatsapp.net","xp":1,"level":1},{"id":"555180354131@s.whatsapp.net","xp":17160,"level":3},{"id":"556792469529@s.whatsapp.net","xp":8587,"level":2},{"id":"558694902070@s.whatsapp.net","xp":154955,"level":5},{"id":"555193858274@s.whatsapp.net","xp":1,"level":1},{"id":"558781783366@s.whatsapp.net","xp":60063,"level":4},{"id":"556592451566@s.whatsapp.net","xp":106927,"level":5},{"id":"5524992055609@s.whatsapp.net","xp":91812,"level":5},{"id":"5518996779013@s.whatsapp.net","xp":35803,"level":4},{"id":"557399483717@s.whatsapp.net","xp":11094,"level":2},{"id":"559884859338@s.whatsapp.net","xp":4038,"level":1},{"id":"556294031843@s.whatsapp.net","xp":7553,"level":2},{"id":"558481547140@s.whatsapp.net","xp":3025,"level":1},{"id":"5519982141977@s.whatsapp.net","xp":29826,"level":3},{"id":"559180733687@s.whatsapp.net","xp":44931,"level":4},{"id":"559292708365@s.whatsapp.net","xp":96918,"level":5},{"id":"5511941660193@s.whatsapp.net","xp":12118,"level":2},{"id":"558699384979@s.whatsapp.net","xp":1,"level":1},{"id":"554896751233@s.whatsapp.net","xp":21729,"level":3},{"id":"5511951342889@s.whatsapp.net","xp":32311,"level":3},{"id":"558183641365@s.whatsapp.net","xp":17657,"level":3},{"id":"554384524922@s.whatsapp.net","xp":24240,"level":3},{"id":"5519983733591@s.whatsapp.net","xp":160448,"level":6},{"id":"5515998324153@s.whatsapp.net","xp":4040,"level":1},{"id":"553591568843@s.whatsapp.net","xp":517591,"level":7},{"id":"559294487685@s.whatsapp.net","xp":1,"level":1},{"id":"5524999066877@s.whatsapp.net","xp":137280,"level":5},{"id":"5521972174056@s.whatsapp.net","xp":281948,"level":6},{"id":"5522998836217@s.whatsapp.net","xp":147850,"level":5},{"id":"5522988243242@s.whatsapp.net","xp":10089,"level":2},{"id":"558196793433@s.whatsapp.net","xp":25724,"level":3},{"id":"5522997273800@s.whatsapp.net","xp":4519,"level":1},{"id":"5511962564714@s.whatsapp.net","xp":130159,"level":5},{"id":"5511944533687@s.whatsapp.net","xp":1,"level":1},{"id":"557498038901@s.whatsapp.net","xp":86786,"level":5},{"id":"258876349935@s.whatsapp.net","xp":1015,"level":1},{"id":"556992591412@s.whatsapp.net","xp":503,"level":1},{"id":"5522988150072@s.whatsapp.net","xp":11609,"level":2},{"id":"16393988875@s.whatsapp.net","xp":1,"level":1},{"id":"554896789407@s.whatsapp.net","xp":1,"level":1},{"id":"556696142343@s.whatsapp.net","xp":8595,"level":2},{"id":"556384294383@s.whatsapp.net","xp":2019,"level":1},{"id":"556194419838@s.whatsapp.net","xp":1,"level":1},{"id":"554588006040@s.whatsapp.net","xp":48956,"level":4},{"id":"554791969036@s.whatsapp.net","xp":1,"level":1},{"id":"555481531782@s.whatsapp.net","xp":1,"level":1},{"id":"559191393773@s.whatsapp.net","xp":19665,"level":3},{"id":"558598134059@s.whatsapp.net","xp":508,"level":1},{"id":"558599893924@s.whatsapp.net","xp":1,"level":1},{"id":"558396308268@s.whatsapp.net","xp":9561,"level":2},{"id":"554898549073@s.whatsapp.net","xp":1,"level":1},{"id":"554299461575@s.whatsapp.net","xp":20176,"level":3},{"id":"558496136817@s.whatsapp.net","xp":2024,"level":1},{"id":"553191117934@s.whatsapp.net","xp":1,"level":1},{"id":"559184726680@s.whatsapp.net","xp":101952,"level":5},{"id":"5517991397624@s.whatsapp.net","xp":26234,"level":3},{"id":"559391836205@s.whatsapp.net","xp":502,"level":1},{"id":"5511944017896@s.whatsapp.net","xp":1,"level":1},{"id":"559891820642@s.whatsapp.net","xp":30274,"level":3},{"id":"556282365581@s.whatsapp.net","xp":1,"level":1},{"id":"258873886595@s.whatsapp.net","xp":1,"level":1},{"id":"558592921351@s.whatsapp.net","xp":8549,"level":2},{"id":"556798776894@s.whatsapp.net","xp":1514,"level":1},{"id":"556593625556@s.whatsapp.net","xp":1520,"level":1},{"id":"5511978781430@s.whatsapp.net","xp":1,"level":1},{"id":"258842989410@s.whatsapp.net","xp":1,"level":1},{"id":"258855666215@s.whatsapp.net","xp":1,"level":1},{"id":"258855050973@s.whatsapp.net","xp":1,"level":1},{"id":"559391114049@s.whatsapp.net","xp":24239,"level":3},{"id":"557996888906@s.whatsapp.net","xp":1,"level":1},{"id":"258874754877@s.whatsapp.net","xp":1,"level":1},{"id":"5516981609360@s.whatsapp.net","xp":27718,"level":3},{"id":"558594441816@s.whatsapp.net","xp":10605,"level":2},{"id":"559188216608@s.whatsapp.net","xp":1,"level":1},{"id":"556385009238@s.whatsapp.net","xp":499465,"level":7},{"id":"558896220381@s.whatsapp.net","xp":1516,"level":1},{"id":"5519995947884@s.whatsapp.net","xp":40869,"level":4},{"id":"556798977198@s.whatsapp.net","xp":17171,"level":3},{"id":"559491137431@s.whatsapp.net","xp":7045,"level":2},{"id":"558994265782@s.whatsapp.net","xp":2524,"level":1},{"id":"5511957310082@s.whatsapp.net","xp":4537,"level":1},{"id":"258847689302@s.whatsapp.net","xp":1,"level":1},{"id":"258852516983@s.whatsapp.net","xp":1,"level":1},{"id":"558396364811@s.whatsapp.net","xp":1,"level":1},{"id":"554195398790@s.whatsapp.net","xp":1,"level":1},{"id":"558988110472@s.whatsapp.net","xp":8089,"level":2},{"id":"557996377856@s.whatsapp.net","xp":47374,"level":4},{"id":"557996714055@s.whatsapp.net","xp":12629,"level":2},{"id":"258865010307@s.whatsapp.net","xp":1,"level":1},{"id":"258862189212@s.whatsapp.net","xp":1,"level":1},{"id":"258870116658@s.whatsapp.net","xp":1,"level":1},{"id":"5511949526421@s.whatsapp.net","xp":15119,"level":3},{"id":"994406761835@s.whatsapp.net","xp":1521,"level":1},{"id":"258847449148@s.whatsapp.net","xp":1,"level":1},{"id":"258844224432@s.whatsapp.net","xp":1,"level":1},{"id":"553191462627@s.whatsapp.net","xp":4037,"level":1},{"id":"556999927814@s.whatsapp.net","xp":2523,"level":1},{"id":"558183760016@s.whatsapp.net","xp":508,"level":1},{"id":"17402471094@s.whatsapp.net","xp":15124,"level":3},{"id":"556593394562@s.whatsapp.net","xp":10104,"level":2},{"id":"5511932150357@s.whatsapp.net","xp":61488,"level":4},{"id":"554499954748@s.whatsapp.net","xp":33776,"level":3},{"id":"558288298485@s.whatsapp.net","xp":1,"level":1},{"id":"5516991888624@s.whatsapp.net","xp":13106,"level":2},{"id":"5516996050359@s.whatsapp.net","xp":1,"level":1},{"id":"5512996280897@s.whatsapp.net","xp":13120,"level":2},{"id":"258856589989@s.whatsapp.net","xp":26775,"level":3},{"id":"556884031768@s.whatsapp.net","xp":1,"level":1},{"id":"5524998715045@s.whatsapp.net","xp":1513,"level":1},{"id":"556192451874@s.whatsapp.net","xp":8092,"level":2},{"id":"558396273264@s.whatsapp.net","xp":1,"level":1},{"id":"994407526251@s.whatsapp.net","xp":1,"level":1},{"id":"553799819665@s.whatsapp.net","xp":12625,"level":2},{"id":"5511990167657@s.whatsapp.net","xp":11077,"level":2},{"id":"557491299737@s.whatsapp.net","xp":20698,"level":3},{"id":"5512981033979@s.whatsapp.net","xp":1,"level":1},{"id":"558589465512@s.whatsapp.net","xp":70138,"level":4},{"id":"556684185851@s.whatsapp.net","xp":501,"level":1},{"id":"5511990102273@s.whatsapp.net","xp":1,"level":1},{"id":"5527988186030@s.whatsapp.net","xp":10623,"level":2},{"id":"5515997974903@s.whatsapp.net","xp":1,"level":1},{"id":"595976856231@s.whatsapp.net","xp":509,"level":1},{"id":"552198376277@s.whatsapp.net","xp":1,"level":1},{"id":"558487590474@s.whatsapp.net","xp":1,"level":1},{"id":"557998174370@s.whatsapp.net","xp":24716,"level":3},{"id":"558695769229@s.whatsapp.net","xp":4527,"level":1},{"id":"558497040436@s.whatsapp.net","xp":1,"level":1},{"id":"557191484474@s.whatsapp.net","xp":25228,"level":3}]