[{"id":"558981165827@s.whatsapp.net","name":"Aztro","age":"18","time":"31/01 02:42:50","serial":"be606479fd35f7321774"},{"id":"556993899391@s.whatsapp.net","name":"Zeus","age":"18","time":"02/02 05:18:12","serial":"f415f8ceb24a259c9463"},{"id":"559492849669@s.whatsapp.net","name":"KAUÃ_GOD","age":"17","time":"02/02 05:35:08","serial":"640c5bc4e655fd8d69ec"},{"id":"5511937286887@s.whatsapp.net","name":"Jean","age":"01","time":"02/02 06:55:32","serial":"98b7e509d4f35c3c1aa7"},{"id":"5519989084467@s.whatsapp.net","name":"🌹ᛞᛖᚢᛊ᛫ᛞᛟᛊ᛫ᚲᛟᚱᚾᛟᛊ🌹","age":"16","time":"02/02 06:56:06","serial":"6762e221a78092a0d8cc"},{"id":"558281375142@s.whatsapp.net","name":"café","age":"1.000.000","time":"02/02 06:58:02","serial":"f1fcd10ddf8651b5a4fd"},{"id":"558581509734@s.whatsapp.net","name":"Pepe","age":"16","time":"02/02 07:03:14","serial":"156c9cb163e0064e5d00"},{"id":"556899079503@s.whatsapp.net","name":"Picasso","age":"18","time":"02/02 07:05:38","serial":"b0a8baf98942c2c7ee01"},{"id":"5511963895971@s.whatsapp.net","name":"Yuri","age":"23","time":"02/02 07:05:41","serial":"96494fd49d0c38eb571f"},{"id":"558192785097@s.whatsapp.net","name":"monkey","age":"19","time":"02/02 07:18:21","serial":"7df47b5dc53015e223b0"},{"id":"5511984228699@s.whatsapp.net","name":"Grazegatinha","age":"19","time":"02/02 07:19:57","serial":"9be2cd0bf1b53a96ff3a"},{"id":"559295114497@s.whatsapp.net","name":"Sidy","age":"14","time":"02/02 07:22:38","serial":"44b69171305eb102f27e"},{"id":"5519992901491@s.whatsapp.net","name":"MR.PLAGUE","age":"17","time":"02/02 07:30:11","serial":"04ffa7db7aa581a0e42c"},{"id":"553888447340@s.whatsapp.net","name":"smigu","age":"19","time":"02/02 07:34:11","serial":"b88bea11f00eaf15eae6"},{"id":"557184654663@s.whatsapp.net","name":"Digo","age":"1000","time":"02/02 08:21:28","serial":"e0425a9f486aa62bdbdc"},{"id":"5518998203431@s.whatsapp.net","name":"Unless","age":"15","time":"02/02 08:25:16","serial":"9308fa0b07f9a70c8cd9"},{"id":"559492433633@s.whatsapp.net","name":"Pudim","age":"17","time":"02/02 08:37:54","serial":"2ffdb17389fa9d08c061"},{"id":"5516994068584@s.whatsapp.net","name":"deny","age":"25","time":"02/02 08:45:54","serial":"99c910943319f0297d5a"},{"id":"554591079719@s.whatsapp.net","name":"onaga","age":"18","time":"02/02 08:50:17","serial":"0e3ff9e678108041a57d"},{"id":"556293667176@s.whatsapp.net","name":"Robertin","age":"20","time":"02/02 08:58:38","serial":"7548f196fdf34b35dfc4"},{"id":"5521996649814@s.whatsapp.net","name":"shaulin cu preto","age":"7678","time":"02/02 09:06:53","serial":"d9bfae102c3f9e1abd60"},{"id":"556198642164@s.whatsapp.net","name":"rafa","age":"15","time":"02/02 09:12:56","serial":"b28eb919d3c59ff3a4ec"},{"id":"5511934660977@s.whatsapp.net","name":"patinhas","age":"18","time":"02/02 09:18:00","serial":"551ad49e762df95db3f9"},{"id":"553388576877@s.whatsapp.net","name":"Tadashi","age":"14","time":"02/02 09:30:46","serial":"33f0698578a1f9248c79"},{"id":"559295181764@s.whatsapp.net","name":"Mantega","age":"17","time":"02/02 09:32:24","serial":"fb7c2b1522b5e5be71d4"},{"id":"559899685838@s.whatsapp.net","name":"PredaT","age":"17","time":"02/02 09:37:35","serial":"903a35ea114ee536d34a"},{"id":"5511945918145@s.whatsapp.net","name":"Donald","age":"19","time":"02/02 22:10:00","serial":"012ca04aab152ac0f80d"},{"id":"5516991900088@s.whatsapp.net","name":"Nicolas","age":"17","time":"02/02 23:23:42","serial":"cac3cff7ab8ca358c28e"},{"id":"557193691149@s.whatsapp.net","name":"kaynzinhoapelao","age":"16","time":"03/02 00:15:16","serial":"69837690ed7863e86348"},{"id":"5511947683834@s.whatsapp.net","name":"maucali do funk ","age":"15","time":"03/02 00:17:05","serial":"28d802d5bf251578b70e"},{"id":"558589091042@s.whatsapp.net","name":"tash","age":" 23","time":"03/02 00:19:10","serial":"0786ed875e485220a603"},{"id":"555496592565@s.whatsapp.net","name":"kazuma","age":"18","time":"03/02 00:49:01","serial":"603a0ba844bc3ee894eb"},{"id":"555197821398@s.whatsapp.net","name":"MinhaPika","age":"11","time":"03/02 00:53:29","serial":"2422ca8fa5f5a5f2c264"},{"id":"5511984620783@s.whatsapp.net","name":"Carlos","age":"19","time":"03/02 01:32:23","serial":"cd7575f240902950a39e"},{"id":"554196414291@s.whatsapp.net","name":"jimin","age":"13","time":"03/02 01:45:27","serial":"fe9b618722a9800052b8"},{"id":"553597094399@s.whatsapp.net","name":"Yares","age":"10","time":"03/02 02:58:47","serial":"019d00f3ca0ec013f686"},{"id":"553888517724@s.whatsapp.net","name":"Luyz","age":"15","time":"03/02 03:35:12","serial":"de889f9fb2ae59965884"},{"id":"5511981021695@s.whatsapp.net","name":"manorick","age":"18","time":"03/02 03:58:14","serial":"d3f78e29f52e936671cb"},{"id":"5524998257864@s.whatsapp.net","name":"Tavinloli","age":"15","time":"03/02 03:59:12","serial":"3fc5daa06d25995febdb"},{"id":"557182369330@s.whatsapp.net","name":"alone","age":"16","time":"03/02 04:25:42","serial":"d75a7eabd3169ca1a028"},{"id":"553591087217@s.whatsapp.net","name":"Rodolfo","age":" 19","time":"03/02 06:03:15","serial":"b57c0234e6e45140f245"},{"id":"5519981858860@s.whatsapp.net","name":"Liverston","age":"18","time":"03/02 07:12:02","serial":"91d54058f6ff7f2252af"},{"id":"554498782848@s.whatsapp.net","name":"CUNHADO DO KAUA","age":"15","time":"03/02 22:39:12","serial":"ed943b80b7618ee53421"},{"id":"5511973414636@s.whatsapp.net","name":"trash","age":"14","time":"03/02 22:45:04","serial":"548f901721c5eaf69adb"},{"id":"556896030801@s.whatsapp.net","name":"Kerick","age":"17","time":"03/02 23:48:37","serial":"30d8ff24ae1c6d138578"},{"id":"558296823418@s.whatsapp.net","name":"jonaz","age":"18","time":"04/02 00:29:42","serial":"66cab0991dfdf794d374"},{"id":"5513997473691@s.whatsapp.net","name":"mauri","age":"18","time":"04/02 00:35:27","serial":"de58892584c96db3a003"},{"id":"5511959792350@s.whatsapp.net","name":"giugitsu","age":"15","time":"04/02 03:35:20","serial":"ead499f5ef19016cec86"},{"id":"5515991717205@s.whatsapp.net","name":"SUI€ID∆","age":"19","time":"04/02 08:11:00","serial":"06d646b9101efa61627d"},{"id":"5511910761611@s.whatsapp.net","name":"draxxx","age":"14","time":"04/02 23:49:18","serial":"e39cfdb4c5d840cb9bc8"},{"id":"557199169910@s.whatsapp.net","name":"アッカーマン","age":" 17","time":"05/02 00:50:49","serial":"af11a32bee06d00203ff"},{"id":"557599487558@s.whatsapp.net","name":"Hiro","age":"18","time":"05/02 05:06:30","serial":"18823b15c89c6b4719fd"},{"id":"5527988781617@s.whatsapp.net","name":"вιєℓℓz⎝⎝","age":"16","time":"06/02 00:50:44","serial":"5167f8aca23a1337b4cc"},{"id":"558281334589@s.whatsapp.net","name":"Cønty","age":"15","time":"06/02 05:58:32","serial":"a3196bb0bf8d3b27754a"},{"id":"5511985882197@s.whatsapp.net","name":"aztro","age":"18","time":"06/02 07:19:46","serial":"c30576cc3252f4e22a44"},{"id":"559292844345@s.whatsapp.net","name":"vulcano","age":"000","time":"06/02 08:03:25","serial":"c718ca7e9385ddd72c77"},{"id":"554791233771@s.whatsapp.net","name":"João Victor Leal","age":"15 anos","time":"06/02 08:18:29","serial":"26f930be554be717469f"},{"id":"556799312951@s.whatsapp.net","name":"comedor","age":"12","time":"06/02 08:19:24","serial":"64a4f1e9492c38a626ae"},{"id":"5511988985726@s.whatsapp.net","name":"yato","age":"18","time":"06/02 08:38:29","serial":"c286c63977d5638c06e8"},{"id":"556381581455@s.whatsapp.net","name":"sለռէs♠️","age":"18","time":"06/02 09:33:55","serial":"8fe9073f3f3714bef2c3"},{"id":"5511983053421@s.whatsapp.net","name":"Vini","age":"15","time":"06/02 23:31:04","serial":"2fb8e1262ef217e532f8"},{"id":"558189031431@s.whatsapp.net","name":"Andy","age":"17","time":"06/02 23:32:36","serial":"da9c359ce3a84924f518"},{"id":"5512992103911@s.whatsapp.net","name":"João","age":"18","time":"07/02 00:22:55","serial":"fb55c1397eee226d77de"},{"id":"553599446657@s.whatsapp.net","name":"🇧🇳MR_DELTA","age":"20","time":"07/02 01:54:17","serial":"7da05634a5dec27eb52c"},{"id":"558981469857@s.whatsapp.net","name":"aztro","age":"18","time":"09/02 09:19:49","serial":"e0448379558c7e7ae5df"},{"id":"5511977067779@s.whatsapp.net","name":"Esfoliador de bumbum bot","age":"18","time":"09/02 21:27:22","serial":"fb0a318d065566bb135f"},{"id":"553198344834@s.whatsapp.net","name":"Matt","age":"130","time":"09/02 21:32:22","serial":"e2bbda1e47748ff1a3e7"},{"id":"559492935359@s.whatsapp.net","name":"pombo","age":"17","time":"10/02 00:12:43","serial":"4e0dcb4807bd176fb77f"},{"id":"556296787216@s.whatsapp.net","name":"comedor de casada ","age":"18","time":"10/02 01:36:34","serial":"d0953b3fd04ee6f8962b"},{"id":"5511948091727@s.whatsapp.net","name":"Roberto","age":"18","time":"10/02 02:27:49","serial":"1fafebe56375e75d86a3"},{"id":"5511974794139@s.whatsapp.net","name":"Vini","age":"13","time":"10/02 02:28:36","serial":"53cfcfc361d8f136d17f"},{"id":"558399392508@s.whatsapp.net","name":"Nicolas","age":"14","time":"10/02 02:38:37","serial":"26de484edda0bf8d6846"},{"id":"5527988736169@s.whatsapp.net","name":"nayr","age":"94","time":"10/02 03:08:25","serial":"1118df7292374d0f8d05"},{"id":"554891934005@s.whatsapp.net","name":"Jubileu","age":"15","time":"10/02 03:51:57","serial":"48c9be49ea2160c7b0a6"},{"id":"559984771001@s.whatsapp.net","name":"gab","age":"32","time":"10/02 03:56:53","serial":"f0e6221f9d0bf41ec612"},{"id":"5512996099269@s.whatsapp.net","name":"Lype","age":"186","time":"10/02 04:10:21","serial":"cee17bc47cf9958ab13e"},{"id":"553496480200@s.whatsapp.net","name":"carlin","age":"21","time":"10/02 04:35:24","serial":"4b8f39f544c834b07a00"},{"id":"553197998692@s.whatsapp.net","name":"rod","age":"16","time":"10/02 05:01:41","serial":"2ad47cd1253971021602"},{"id":"5521981176204@s.whatsapp.net","name":"mamaco","age":"19","time":"10/02 05:06:06","serial":"b2def4f4b508272a7fa2"},{"id":"558186635482@s.whatsapp.net","name":"davi","age":"18","time":"10/02 05:20:35","serial":"c63f31c3646a99df2144"},{"id":"553188336866@s.whatsapp.net","name":"Diovanne","age":"18","time":"10/02 05:48:59","serial":"e59c6d96e811a120d2f8"},{"id":"5511984808035@s.whatsapp.net","name":"gustavo","age":"15","time":"10/02 07:49:37","serial":"39bffd71a574fadc8c6b"},{"id":"558788733166@s.whatsapp.net","name":"Haruano","age":"13","time":"10/02 08:43:34","serial":"4bcd59e40c7673b63d62"},{"id":"557499625112@s.whatsapp.net","name":"kakashi","age":"q3","time":"10/02 08:44:45","serial":"cc3572ab31db76c66fd2"},{"id":"559184035474@s.whatsapp.net","name":"Max","age":"20","time":"11/02 20:48:31","serial":"406066fee3f461c77974"},{"id":"554498919550@s.whatsapp.net","name":"Mike","age":"19","time":"11/02 21:14:45","serial":"091e305d29ab08208dca"},{"id":"554396466824@s.whatsapp.net","name":"moon","age":"18","time":"11/02 21:16:51","serial":"f0ea75db182ce69884f7"},{"id":"558199176426@s.whatsapp.net","name":"N3x0$","age":"15","time":"11/02 21:25:01","serial":"a2fe3031e46e49da4481"},{"id":"557582846146@s.whatsapp.net","name":"raiva","age":"53","time":"11/02 21:29:02","serial":"aeab3f3b7669c4d63741"},{"id":"556992973100@s.whatsapp.net","name":"raiva","age":"87","time":"11/02 21:29:26","serial":"933e2969cea0b51608a4"},{"id":"558197285844@s.whatsapp.net","name":"memama","age":"15","time":"11/02 21:38:28","serial":"28619579f55523bf8b02"},{"id":"558287700991@s.whatsapp.net","name":"Baklindo","age":"12","time":"11/02 21:40:09","serial":"b0f7121e68912c5ea9ac"},{"id":"556199163064@s.whatsapp.net","name":"Sukuna","age":"14","time":"11/02 22:07:15","serial":"32e07364e7d465816830"},{"id":"552192539941@s.whatsapp.net","name":"Marlom","age":"13","time":"11/02 23:07:46","serial":"88a260d3640bcc82ee07"},{"id":"559299839173@s.whatsapp.net","name":"kirito","age":"21","time":"11/02 23:11:30","serial":"859cf99b5b5fda603797"},{"id":"5513997514422@s.whatsapp.net","name":"jonata","age":"15","time":"11/02 23:13:31","serial":"cbf0f989cce75da073b6"},{"id":"558396308268@s.whatsapp.net","name":"torugo","age":"28","time":"11/02 23:17:50","serial":"6a3dd415a75379edd240"},{"id":"558599895391@s.whatsapp.net","name":"moon","age":"15","time":"12/02 03:32:40","serial":"19be47e6d3ba199d5f70"},{"id":"5521972646374@s.whatsapp.net","name":"Medaka","age":"14","time":"12/02 03:36:55","serial":"d5863e4bcbb8d6c08b4a"},{"id":"554796453845@s.whatsapp.net","name":"Sunshine","age":"14","time":"12/02 03:37:30","serial":"80e7a8da4e4c32aaac95"},{"id":"5511962564714@s.whatsapp.net","name":"Sukuna•","age":"17","time":"12/02 03:39:37","serial":"b7b5bf107569a1a131c5"},{"id":"559184135976@s.whatsapp.net","name":"Beerus","age":"13","time":"12/02 03:49:13","serial":"2ea528b48ac0bee9ea84"},{"id":"554291452626@s.whatsapp.net","name":"aztro","age":"56","time":"12/02 03:49:28","serial":"5926d5a9d33eebebe326"},{"id":"555492446147@s.whatsapp.net","name":"kauani","age":"14","time":"12/02 03:52:02","serial":"eb428e2b5cdf671c5fde"},{"id":"559699723506@s.whatsapp.net","name":"rg Byakuya Gostoso","age":"17","time":"12/02 04:16:05","serial":"cdda9b39f01e4cf8846d"},{"id":"5511980505287@s.whatsapp.net","name":"kiyo","age":"16","time":"12/02 04:16:25","serial":"1de6f66d828b0f1671cf"},{"id":"258844795677@s.whatsapp.net","name":"Killer","age":"15","time":"12/02 04:17:01","serial":"df60dfc2d7ad26476141"},{"id":"557391944397@s.whatsapp.net","name":"⛤マトス•𝑽𝒊𝒄ᣳ⃟𝒕𝒐𝒓 𝑴.ඞ᭄","age":"14","time":"12/02 04:20:08","serial":"dbe12c0b4959f8d8a65c"},{"id":"554187855836@s.whatsapp.net","name":"lukas","age":"17","time":"12/02 05:36:17","serial":"c0222c977ca5dc28a9e5"},{"id":"555191029061@s.whatsapp.net","name":"ashley ","age":"14","time":"12/02 07:42:02","serial":"bad221ac3b243042afc4"},{"id":"554192747232@s.whatsapp.net","name":"GENOS","age":"17 ANOS","time":"12/02 07:43:10","serial":"8e503a87e6badc3e1b9c"},{"id":"559391341602@s.whatsapp.net","name":"Stevan","age":" 18","time":"12/02 07:43:57","serial":"e8376bfce78a08f844f8"},{"id":"5521981689107@s.whatsapp.net","name":"arthurgostoso06","age":"14","time":"12/02 08:13:25","serial":"237e08fdc894db383df8"},{"id":"559192812052@s.whatsapp.net","name":"Enzo","age":"26","time":"12/02 09:02:40","serial":"db9b9586e4d38cb66963"},{"id":"557988721575@s.whatsapp.net","name":"Kauã ","age":" 15","time":"12/02 09:16:29","serial":"a51c4848129557bce9c2"},{"id":"554298567347@s.whatsapp.net","name":"ShakaX☄️","age":"18","time":"12/02 09:40:32","serial":"6aa2759e584733755d37"},{"id":"559191707457@s.whatsapp.net","name":"Fivee","age":"15","time":"12/02 22:32:31","serial":"8c0ef60b792b51678095"},{"id":"559391257820@s.whatsapp.net","name":"Sthars","age":"15","time":"12/02 23:52:05","serial":"5f4b9fe86e6dffd9f060"},{"id":"556199589604@s.whatsapp.net","name":"Shōyō","age":"15","time":"12/02 23:53:12","serial":"a903703e89a8752d0d99"},{"id":"557981143650@s.whatsapp.net","name":"Note","age":"17","time":"12/02 23:57:53","serial":"1319f7272112d72c7d7d"},{"id":"557996636053@s.whatsapp.net","name":"david","age":"17","time":"12/02 23:59:55","serial":"40fbb5c0f9cc86f53938"},{"id":"556199013841@s.whatsapp.net","name":"Sayuki","age":"16","time":"13/02 00:13:18","serial":"394ae52012d431f9efe7"},{"id":"559188344190@s.whatsapp.net","name":"heloysa","age":"16","time":"13/02 00:13:54","serial":"3ea182d07695ceab0d7f"},{"id":"559584045954@s.whatsapp.net","name":"Daniel","age":"17","time":"13/02 00:52:25","serial":"571465c1885959258ec5"},{"id":"559192136241@s.whatsapp.net","name":"mm","age":"nao","time":"13/02 01:02:39","serial":"a0c6057aad6b4fc9c6d5"},{"id":"559491087280@s.whatsapp.net","name":"Ameixa Maçã","age":"17","time":"13/02 02:41:04","serial":"c8902d9a19f0b55e5a06"},{"id":"5518997531759@s.whatsapp.net","name":"deku","age":"15","time":"13/02 02:42:38","serial":"55c2c80296b8780a24d1"},{"id":"558183641365@s.whatsapp.net","name":"tyler","age":"20","time":"13/02 03:01:14","serial":"da6c54731c6079e0c993"},{"id":"557398569217@s.whatsapp.net","name":"aztro","age":"18","time":"13/02 03:15:34","serial":"56ab3dc77d0bf34444ed"},{"id":"556593394562@s.whatsapp.net","name":"Jotinha","age":"16","time":"13/02 03:21:36","serial":"be4a3bb0397969d36962"},{"id":"5511958312208@s.whatsapp.net","name":"gustavo","age":"15","time":"13/02 03:21:55","serial":"97b28358036ca44ef55f"},{"id":"5511949907065@s.whatsapp.net","name":"James","age":"16","time":"13/02 03:26:11","serial":"9d7cf23ed12e3bb47da3"},{"id":"558597917367@s.whatsapp.net","name":"nome","age":"14","time":"13/02 08:16:59","serial":"601365942735fe0d0d35"},{"id":"5512992577537@s.whatsapp.net","name":"Ponpokotsu","age":"14","time":"13/02 08:28:01","serial":"0de1084e54eb33d5ea4b"},{"id":"5511957337176@s.whatsapp.net","name":"fukurowl","age":"15","time":"13/02 08:32:24","serial":"a6b55ff70ea388908c1f"},{"id":"15168610701@s.whatsapp.net","name":"ggg","age":"1000","time":"13/02 09:28:09","serial":"8a3a5c6fd18a46efba37"},{"id":"553598429713@s.whatsapp.net","name":"Hayate","age":"14","time":"13/02 09:45:45","serial":"264371f612c27eaf8a03"},{"id":"555191617886@s.whatsapp.net","name":"pedro","age":"15","time":"13/02 10:03:27","serial":"efaa6553ab7eaf7df6e6"},{"id":"556999927814@s.whatsapp.net","name":"Suzuki","age":"40","time":"13/02 22:40:05","serial":"ea360e4fdd29e12d68f7"},{"id":"554599432716@s.whatsapp.net","name":"Carvalho","age":"16","time":"13/02 22:46:08","serial":"5267d15f87511ec72615"},{"id":"554399737646@s.whatsapp.net","name":"Richard","age":"13","time":"14/02 00:46:58","serial":"4266810517dbc70d1451"},{"id":"556196619769@s.whatsapp.net","name":"Jσãσȥιɳ ⃟λƁR◓G̶D̶A̶ᬼ᭤᭄","age":"15","time":"14/02 00:50:33","serial":"8de23e40c866d39898af"},{"id":"556792266471@s.whatsapp.net","name":"gostoso","age":"80","time":"14/02 01:32:32","serial":"93961f208d78194844af"},{"id":"559192331478@s.whatsapp.net","name":"ggg","age":"17","time":"14/02 02:24:01","serial":"323a0f895c679e62a034"},{"id":"5516993550705@s.whatsapp.net","name":"lua","age":"18","time":"14/02 07:49:19","serial":"3477485da4df39c25c35"},{"id":"5516997420725@s.whatsapp.net","name":"Kaneca","age":"15","time":"15/02 03:58:27","serial":"6d0229a3edeb2a67fb53"},{"id":"5516988673362@s.whatsapp.net","name":"paulo paulada","age":"18","time":"16/02 02:20:07","serial":"6af53e6c9d56d27f3079"},{"id":"258843717556@s.whatsapp.net","name":"★L£l∅üCh","age":"16","time":"16/02 02:20:42","serial":"3646a5dea0645d03b458"},{"id":"558896220381@s.whatsapp.net","name":"sakura","age":"18","time":"16/02 06:16:50","serial":"6ca089ba3f1c70e6cdaa"},{"id":"5511990167657@s.whatsapp.net","name":"panda","age":"19","time":"16/02 06:55:29","serial":"08435e2983134f50cf6d"},{"id":"555185219848@s.whatsapp.net","name":"Calipse","age":"15","time":"16/02 07:03:15","serial":"ed68ff639b6a64c1ab4c"},{"id":"556899265179@s.whatsapp.net","name":"Franklin","age":"19","time":"16/02 07:46:10","serial":"92aadd06ee467cf6b3ed"},{"id":"553199435809@s.whatsapp.net","name":"Xerox Holmes","age":"18","time":"16/02 23:10:13","serial":"adbd81687701dc69ff41"},{"id":"556592163156@s.whatsapp.net","name":"Rei Quincy","age":"15","time":"16/02 23:23:50","serial":"61fe999d9beebf9927e7"},{"id":"5515998268136@s.whatsapp.net","name":"Ryan","age":"13","time":"17/02 00:28:16","serial":"cb97e598468dbcdb0417"},{"id":"559294450170@s.whatsapp.net","name":"Haruuu","age":"17","time":"17/02 01:28:28","serial":"0efece1cc2be6c563e09"},{"id":"556294031843@s.whatsapp.net","name":"Kaka","age":"18","time":"17/02 01:28:28","serial":"f4c1b5605b64f03fce9e"},{"id":"558184413115@s.whatsapp.net","name":"vanderson","age":"21","time":"17/02 02:03:09","serial":"0656385d407698cdd563"},{"id":"559891684303@s.whatsapp.net","name":"Taiga","age":"19","time":"17/02 06:50:55","serial":"97121488a9e8528e9c03"},{"id":"558588968147@s.whatsapp.net","name":"Keyaru","age":"16","time":"18/02 03:47:36","serial":"724fa71743f30604940b"},{"id":"559899848397@s.whatsapp.net","name":"Misuy","age":"16","time":"18/02 04:07:33","serial":"aa78480810517234bb4e"},{"id":"5511943731042@s.whatsapp.net","name":"pedro","age":"17","time":"18/02 05:20:19","serial":"d50464be6e6d066196ec"},{"id":"556599373634@s.whatsapp.net","name":"DIABLINHA","age":"18","time":"18/02 05:20:47","serial":"6974bd43dc2c5e1ed1fd"},{"id":"554196841802@s.whatsapp.net","name":"深い闇","age":"17","time":"18/02 05:21:53","serial":"56e128095d54e9838199"},{"id":"556499983397@s.whatsapp.net","name":"Issei","age":"18","time":"18/02 05:23:35","serial":"92675022385d1d768b44"},{"id":"559892141014@s.whatsapp.net","name":"Miguel","age":"16","time":"18/02 05:31:43","serial":"93817fe450704ce16f46"},{"id":"5511952485924@s.whatsapp.net","name":"noott","age":" 16","time":"18/02 06:46:34","serial":"afcd3a1e8129ac2fe1f5"},{"id":"5521985770889@s.whatsapp.net","name":"Faraó","age":"13","time":"18/02 07:11:52","serial":"1019f7467592724b00e1"},{"id":"553173548970@s.whatsapp.net","name":"Yure","age":"15","time":"18/02 07:12:06","serial":"da61cad235421517c4e3"},{"id":"556696142343@s.whatsapp.net","name":"Tk,s","age":"19","time":"18/02 07:12:22","serial":"5649e323f5984f09a2b2"},{"id":"557391683020@s.whatsapp.net","name":"nome","age":"idade","time":"18/02 22:08:33","serial":"3fcc8ca876077cdbe85d"},{"id":"554488438911@s.whatsapp.net","name":"cray","age":"18","time":"19/02 01:35:44","serial":"d2c26950cbd7406668da"},{"id":"554891210712@s.whatsapp.net","name":"speed","age":"16","time":"19/02 01:37:29","serial":"9ea89c8df0aeb16960bd"},{"id":"558486319497@s.whatsapp.net","name":"comi seu cu ","age":" 18","time":"19/02 01:40:45","serial":"1b619688c87c3d1e90b8"},{"id":"5511957467193@s.whatsapp.net","name":"Otaku","age":"15","time":"20/02 06:05:58","serial":"fafd0e813928e4231f81"},{"id":"5519997269921@s.whatsapp.net","name":"melissa ","age":" 11","time":"20/02 06:34:11","serial":"fd6c09c1609cc1f04733"},{"id":"558494116887@s.whatsapp.net","name":"GG","age":" 18","time":"20/02 06:35:42","serial":"99373b8947cba705dbc8"},{"id":"558585112306@s.whatsapp.net","name":"simplicio","age":"20","time":"20/02 07:59:06","serial":"0cbefa2397d15b78e7cf"},{"id":"5521988569891@s.whatsapp.net","name":"one","age":"17","time":"21/02 02:08:47","serial":"746f451f199259eab68a"},{"id":"559484314737@s.whatsapp.net","name":"💣🖲𝘿𝙊𝙉𝘾𝙊𝘾𝙊 🖲💣","age":"16","time":"21/02 03:59:16","serial":"0de62f8b6c81a14eb931"},{"id":"559193577384@s.whatsapp.net","name":"Cristina","age":"20","time":"22/02 21:49:02","serial":"0b38da6f7c377b480ba9"},{"id":"5519996408174@s.whatsapp.net","name":"Riquelme","age":"17","time":"23/02 06:28:05","serial":"5eb0e93052a2692ee9a9"},{"id":"5511966396365@s.whatsapp.net","name":"caiky","age":"19","time":"23/02 06:47:04","serial":"48365359eec1c142b73a"},{"id":"556493372280@s.whatsapp.net","name":"Victor","age":"16","time":"23/02 07:25:41","serial":"20b9e2f0a5e6719608fb"},{"id":"558994265782@s.whatsapp.net","name":"†⃟†Yaginshit⃟†","age":"14","time":"23/02 07:54:38","serial":"92c73d42878418ce23a3"},{"id":"557192515133@s.whatsapp.net","name":"VCTR","age":"20","time":"23/02 21:24:37","serial":"8c473270a34c05704265"},{"id":"5515991762521@s.whatsapp.net","name":"Lucas","age":"13","time":"23/02 21:29:04","serial":"9ea26dc628de6d581244"},{"id":"558298032295@s.whatsapp.net","name":"Kami tenchi","age":"17","time":"23/02 21:46:56","serial":"3e835ea90f8c04a0d282"},{"id":"557381595316@s.whatsapp.net","name":"adrhiel vieira","age":"12","time":"23/02 22:02:20","serial":"45f586fffe444dcbf00e"},{"id":"559181661884@s.whatsapp.net","name":"Jose","age":"27","time":"23/02 22:02:54","serial":"4321758baf3ce3215256"},{"id":"18134617628@s.whatsapp.net","name":"Yami","age":"16","time":"23/02 23:19:31","serial":"2e8d09ea17373cc67cca"},{"id":"5511967150397@s.whatsapp.net","name":"Cadis Etrama Di Raizel","age":"17","time":"25/02 04:59:20","serial":"c73941c0063ebb9e5ebc"},{"id":"559492983528@s.whatsapp.net","name":"Sukita gostosa🍹","age":"17","time":"27/02 00:35:18","serial":"5db464b00ea5f1351116"},{"id":"554999520608@s.whatsapp.net","name":"Victor","age":"16","time":"27/02 01:23:30","serial":"6c8914da468f155d906a"},{"id":"553599203077@s.whatsapp.net","name":"tori","age":"16","time":"27/02 01:55:41","serial":"a3dda9b627fd8043c2c5"},{"id":"556892423369@s.whatsapp.net","name":"ana ","age":" 15","time":"27/02 01:55:45","serial":"0cc448c2fd489ec7acc4"},{"id":"5512981477612@s.whatsapp.net","name":"DORA","age":"06","time":"27/02 01:56:31","serial":"f892b0776bbc0b98d41f"},{"id":"556283114041@s.whatsapp.net","name":"Slow","age":"16","time":"27/02 02:07:42","serial":"108ab1faf140eb112f68"},{"id":"559293893602@s.whatsapp.net","name":"Donquixota","age":"15","time":"27/02 02:17:49","serial":"e36c814ce2d956b59f91"},{"id":"559189655277@s.whatsapp.net","name":"Tony","age":"14","time":"27/02 02:19:26","serial":"8a273e641fac24c0035f"},{"id":"5519982985523@s.whatsapp.net","name":"Stevan","age":"17","time":"27/02 02:37:18","serial":"23c4d13af6cd93f97039"},{"id":"558897814531@s.whatsapp.net","name":"lus","age":"15","time":"27/02 03:16:06","serial":"f5e2e5f2dcdc0adb0860"},{"id":"555599970223@s.whatsapp.net","name":"Sasha","age":"15","time":"27/02 03:28:17","serial":"743c04050694c5000951"},{"id":"559481704374@s.whatsapp.net","name":"Nikolas","age":"15","time":"27/02 03:33:13","serial":"6144f92c2f7501eefabe"},{"id":"557798635330@s.whatsapp.net","name":"asahi","age":"19","time":"27/02 03:36:06","serial":"ad5ff1e0a06bb748d496"},{"id":"553598877780@s.whatsapp.net","name":"João Pedro ","age":"16","time":"27/02 03:36:46","serial":"a939514498c0091ac7ef"},{"id":"554388359490@s.whatsapp.net","name":"comedor de casadas","age":"16","time":"27/02 03:55:39","serial":"ca09083f8a3b9796fbbe"},{"id":"557181038835@s.whatsapp.net","name":"ana","age":"17","time":"27/02 04:00:58","serial":"c73ee811fffa24da8c39"},{"id":"553597403841@s.whatsapp.net","name":"nome","age":"idade","time":"27/02 04:23:10","serial":"795136620fb71825332d"},{"id":"553182611712@s.whatsapp.net","name":"tobirama","age":"20","time":"27/02 04:42:53","serial":"d1d6140827e7669b0705"},{"id":"5511979857546@s.whatsapp.net","name":"Dazai","age":"17","time":"27/02 04:47:52","serial":"c3a4b23b94fa86eb3d87"},{"id":"553180162751@s.whatsapp.net","name":"jennie","age":"000","time":"27/02 04:57:00","serial":"e27d3d5a32853c70ccc9"},{"id":"556299690683@s.whatsapp.net","name":"aztro","age":"18","time":"01/03 05:38:14","serial":"37adb1a09ae35e66b328"},{"id":"555198287974@s.whatsapp.net","name":"Levi","age":"17","time":"01/03 05:45:02","serial":"82ddf8bbe31d357fab82"},{"id":"5527988225176@s.whatsapp.net","name":"sad cupido","age":"15","time":"01/03 05:56:53","serial":"4afd9a4dfc4c9ae1284d"},{"id":"554299509804@s.whatsapp.net","name":"aztro","age":"18","time":"01/03 08:09:47","serial":"29e7282d58f3210b8789"},{"id":"5511952003006@s.whatsapp.net","name":"haru","age":"14","time":"01/03 09:26:26","serial":"edcb616fed2eb63ab699"},{"id":"5511949114516@s.whatsapp.net","name":"matt","age":"16","time":"01/03 22:45:04","serial":"8cdc701e09bb03149d6f"},{"id":"5527997947261@s.whatsapp.net","name":"aztro","age":"18","time":"01/03 22:53:07","serial":"2562022effedffd63fab"},{"id":"5528999307239@s.whatsapp.net","name":"aztro","age":"18","time":"01/03 22:58:50","serial":"e67e856df3ace5292399"},{"id":"554791348240@s.whatsapp.net","name":"baby girl","age":"12","time":"01/03 23:01:26","serial":"14f2f36cefc0b9c0bddf"},{"id":"554884213536@s.whatsapp.net","name":"purificado","age":"19","time":"02/03 02:05:06","serial":"c4d0631fed5623dcd565"},{"id":"56920504195@s.whatsapp.net","name":"ElmoTivado","age":"23","time":"02/03 03:03:35","serial":"546f67d513682457242f"},{"id":"553197606762@s.whatsapp.net","name":"soneca","age":"16","time":"02/03 04:30:08","serial":"fb7c45c4b73c6043e6e9"},{"id":"556798776894@s.whatsapp.net","name":"xandi","age":"18","time":"02/03 05:54:23","serial":"3575aea064af5c9aa34d"},{"id":"556696240884@s.whatsapp.net","name":"nome","age":"idade","time":"02/03 07:06:48","serial":"3f8aedca3578d2f897f5"},{"id":"5511991558233@s.whatsapp.net","name":"Radamanthyss","age":"17","time":"02/03 07:10:52","serial":"cb963eac8d45bbbbe61d"},{"id":"5521991952636@s.whatsapp.net","name":"bimes","age":"18","time":"02/03 07:12:31","serial":"82db63d23f4fdf9c11fe"},{"id":"559294193517@s.whatsapp.net","name":"aztro","age":"18","time":"02/03 07:24:22","serial":"7522ed39b1c9888dbaa5"},{"id":"556293782665@s.whatsapp.net","name":"roniel","age":"18","time":"02/03 07:24:45","serial":"06f9b15a745056fe038c"},{"id":"5511962784974@s.whatsapp.net","name":"aztro","age":"18","time":"02/03 07:35:21","serial":"0eb6b065c05944f7d82a"},{"id":"14502351869@s.whatsapp.net","name":"OI∀ᗺƎ⊥⊥∀ᗭ","age":" 14","time":"02/03 07:37:58","serial":"eddc7a44e7c75799ef39"},{"id":"553597550091@s.whatsapp.net","name":"aztro","age":"18","time":"02/03 07:50:24","serial":"d9de97661942b2f9edb4"},{"id":"558183760016@s.whatsapp.net","name":"sol","age":"16","time":"18/03 23:14:14","serial":"34936ecb9520990cb009"},{"id":"555192656427@s.whatsapp.net","name":"ķîŕå","age":" 13","time":"19/03 05:20:07","serial":"5d3c787d048b6f46810f"},{"id":"556784722444@s.whatsapp.net","name":"Dukii","age":"18","time":"19/03 05:32:20","serial":"f828c333a76daf7cf99f"},{"id":"559691459976@s.whatsapp.net","name":"yuta","age":"69","time":"19/03 05:33:58","serial":"59014fdf0fa32116dd55"},{"id":"351914234283@s.whatsapp.net","name":"Tiago","age":"19","time":"19/03 05:34:08","serial":"b084e830e7805b347355"},{"id":"554196526761@s.whatsapp.net","name":"Levi","age":"99","time":"19/03 05:59:19","serial":"0560e294c712c8a2a1b0"},{"id":"554898379217@s.whatsapp.net","name":"sirius Levi","age":"666","time":"19/03 06:02:52","serial":"fb0441c57d80eb0151aa"},{"id":"559185807592@s.whatsapp.net","name":"teste","age":"23","time":"03/04 03:43:52","serial":"1c8d7c8115f3d2a67ee7"},{"id":"554896983180@s.whatsapp.net","name":"Foxy","age":"19","time":"04/04 05:43:15","serial":"8c2ede2d79bf7b56a07b"},{"id":"5514996541467@s.whatsapp.net","name":"mikasa","age":"15","time":"04/04 06:06:13","serial":"b301ef2d538f93c27221"},{"id":"556699890325@s.whatsapp.net","name":"gratis","age":"107","time":"05/04 07:32:44","serial":"aef2dbe897d0a1296ad7"},{"id":"558899310643@s.whatsapp.net","name":"Taylor_S7","age":"19","time":"05/04 07:56:31","serial":"7d42d097481a26addf0a"},{"id":"558494732434@s.whatsapp.net","name":"whatsapp","age":"10","time":"06/04 05:04:43","serial":"5e5298facb067d9d0365"},{"id":"558681300029@s.whatsapp.net","name":"lins","age":"14","time":"06/04 08:15:04","serial":"e5587b94cec70cf0d81e"},{"id":"553598613880@s.whatsapp.net","name":"patinho","age":"13","time":"06/04 08:15:44","serial":"aff8ec4f14dfd82b5b08"},{"id":"558589941372@s.whatsapp.net","name":"viku","age":"17","time":"06/04 08:19:11","serial":"39b30132ccdf8b876b51"},{"id":"559188798825@s.whatsapp.net","name":"Stevan-poe","age":"18","time":"06/04 09:19:59","serial":"497dafbbd8ad1670fcc5"},{"id":"5527995196912@s.whatsapp.net","name":"Flowers","age":"20","time":"06/04 09:25:35","serial":"588c796de3c0ca0d3a98"},{"id":"556285279349@s.whatsapp.net","name":"gostoso","age":"15","time":"07/04 05:18:14","serial":"4e42b17e14e1c3f08b57"},{"id":"555192405159@s.whatsapp.net","name":"pau no cu","age":"do adm","time":"07/04 05:18:57","serial":"48a4c95e20a3478ec3b2"},{"id":"258844724629@s.whatsapp.net","name":"Vidigal","age":" 23","time":"09/04 04:11:32","serial":"056fbbdf4c10166a44af"},{"id":"5511980441552@s.whatsapp.net","name":"batata","age":"gostosa","time":"09/04 06:45:21","serial":"63206f56aed77134ae82"},{"id":"558591820077@s.whatsapp.net","name":"Luke","age":"18","time":"09/04 06:55:50","serial":"420389f19064cebfe435"},{"id":"556286234865@s.whatsapp.net","name":"Kanguru","age":"13","time":"09/04 06:57:34","serial":"e2f8c9df53381ba6ed7e"},{"id":"559185043253@s.whatsapp.net","name":"lesgoshi","age":"18","time":"09/04 07:28:22","serial":"82dc60d89a406087a4cf"},{"id":"553195760666@s.whatsapp.net","name":"João Vicente","age":"16","time":"09/04 07:30:32","serial":"4f36e7e345c9c3f33bd2"},{"id":"994406445183@s.whatsapp.net","name":"luizito","age":"18","time":"09/04 07:45:19","serial":"e83c12fe192b81978fda"},{"id":"555197288320@s.whatsapp.net","name":"Narutin","age":"15","time":"09/04 07:53:14","serial":"5b6e42bf3d2133399ea2"},{"id":"558481547140@s.whatsapp.net","name":"Sr.Pedro","age":"18","time":"09/04 08:25:38","serial":"3e015ab429c7dae77751"},{"id":"557582689999@s.whatsapp.net","name":"Samuel","age":"16","time":"09/04 08:28:44","serial":"2a31c0ddf06618190105"},{"id":"5518996749318@s.whatsapp.net","name":"ferrugem","age":"18","time":"09/04 09:00:29","serial":"a17f5186a1d098dba970"},{"id":"554797646916@s.whatsapp.net","name":"shanks","age":"27","time":"10/04 05:51:18","serial":"906d763f1e02f15ed1a0"},{"id":"559192359119@s.whatsapp.net","name":"peg","age":"15","time":"10/04 07:04:34","serial":"f9e15a073667b5f9e9f9"},{"id":"554896234511@s.whatsapp.net","name":"pedro","age":"15","time":"10/04 07:05:22","serial":"c7323ed9cce9343c923d"},{"id":"559981689179@s.whatsapp.net","name":"olaf","age":"38","time":"10/04 07:05:51","serial":"8bab74592a49c051d954"},{"id":"553299362343@s.whatsapp.net","name":"Washington Bismarck","age":"17","time":"10/04 07:06:09","serial":"df542e731e3885d0dfd9"},{"id":"5511970745823@s.whatsapp.net","name":"otal","age":"23","time":"10/04 08:00:05","serial":"4016208b564a64dd42fc"},{"id":"556493386272@s.whatsapp.net","name":"madson","age":"15","time":"10/04 08:17:34","serial":"d7e0c2ae284b29e8c5f5"},{"id":"5511947472460@s.whatsapp.net","name":"Matheus ","age":" 23","time":"10/04 08:43:39","serial":"f5ecde1a8c3cd2046115"},{"id":"554195625075@s.whatsapp.net","name":"maria","age":"16","time":"10/04 08:54:22","serial":"711779f8d7894edd55cf"},{"id":"559681426125@s.whatsapp.net","name":"repu","age":"23","time":"10/04 08:55:06","serial":"1aa0acb48d321c781008"},{"id":"559491124160@s.whatsapp.net","name":"alek ","age":"16","time":"11/04 06:55:54","serial":"6c8455174329a6cc5cda"},{"id":"554497553835@s.whatsapp.net","name":"Shinigami","age":"17","time":"11/04 07:02:02","serial":"3b759cc6e0d0b324140b"},{"id":"5521971696779@s.whatsapp.net","name":"pinto","age":"87","time":"11/04 07:03:10","serial":"af386fb744f4f680f3c4"},{"id":"5511964681806@s.whatsapp.net","name":"lycantro","age":"507","time":"11/04 07:03:41","serial":"6cc86e49741c9b9ece59"},{"id":"559192182897@s.whatsapp.net","name":"peg","age":"19","time":"11/04 23:07:33","serial":"2be345613109570c310a"},{"id":"5515997582807@s.whatsapp.net","name":"nicolas","age":"14","time":"12/04 00:54:55","serial":"e8eefe086eb65fac3f7f"},{"id":"558386737669@s.whatsapp.net","name":"victor","age":"16","time":"12/04 09:05:55","serial":"95b3994bdec0fa6e511c"},{"id":"556593625556@s.whatsapp.net","name":"Alessan Di Domenico ","age":"26","time":"12/04 09:17:13","serial":"a4841cf91e5df48f892d"},{"id":"559891653646@s.whatsapp.net","name":"Nathan","age":"16","time":"12/04 11:05:52","serial":"2d0a07e06cd803748378"},{"id":"5518996478533@s.whatsapp.net","name":"Siri","age":"15","time":"12/04 11:59:52","serial":"100805cbd9d28f3c3c6f"},{"id":"447418335403@s.whatsapp.net","name":"jaba","age":"18","time":"12/04","serial":"19:58:57"},{"id":"559188556335@s.whatsapp.net","name":"Gomes","age":"14","time":"12/04","serial":"20:47:21"},{"id":"554298485953@s.whatsapp.net","name":"Daki","age":"69","time":"12/04","serial":"20:47:52"},{"id":"557999499184@s.whatsapp.net","name":"Soli","age":"14","time":"12/04","serial":"20:48:08"},{"id":"555399035138@s.whatsapp.net","name":"ᴊᴏᴀʙᴇﾠ","age":"20","time":"13/04","serial":"14:28:48"},{"id":"554896514674@s.whatsapp.net","name":"Roger R. Paz","age":"15","time":"13/04","serial":"14:42:15"},{"id":"5513996266926@s.whatsapp.net","name":"₊Ⓜ️꫶ְ໋〫࣪⋆۪۫ׄ⊰Deltaːꦼ📚ꦿː","age":"18","time":"13/04","serial":"14:45:20"},{"id":"5511964599892@s.whatsapp.net","name":"𝚃𝚊𝚙𝚒𝚘𝚌𝚊 𝙳𝚎𝚙𝚛𝚎𝚜𝚜𝚘𝚛","age":"18","time":"13/04","serial":"15:09:06"},{"id":"554998177318@s.whatsapp.net","name":"Kauan","age":"16","time":"13/04","serial":"15:17:20"},{"id":"5511984618028@s.whatsapp.net","name":"𝑀𝑎𝑦𝑢𝑘𝑜","age":"13","time":"13/04","serial":"15:25:57"},{"id":"5514988267307@s.whatsapp.net","name":"Roronoa Zoro","age":"14","time":"13/04","serial":"15:33:57"},{"id":"557398121478@s.whatsapp.net","name":"Yato ","age":"16","time":"13/04","serial":"16:09:14"},{"id":"554197874661@s.whatsapp.net","name":"Nicholas machado","age":"16","time":"13/04","serial":"17:56:34"},{"id":"556198199034@s.whatsapp.net","name":"xxxSAD","age":"13","time":"13/04","serial":"18:35:24"},{"id":"556899594092@s.whatsapp.net","name":"Dazai Osamu","age":"16","time":"13/04","serial":"18:37:19"},{"id":"553298531350@s.whatsapp.net","name":"diego","age":"01","time":"13/04","serial":"18:45:06"},{"id":"556381449846@s.whatsapp.net","name":"Osamu Miya🏐🖤","age":"19","time":"13/04","serial":"18:51:37"},{"id":"5521991835416@s.whatsapp.net","name":"izumi","age":"14","time":"13/04","serial":"19:27:41"},{"id":"553191247863@s.whatsapp.net","name":"icyy","age":"15","time":"13/04","serial":"19:29:03"},{"id":"5513981275673@s.whatsapp.net","name":"ϲяγ ℓονє ցօժ 🍸🌝 ᚷᛖᛞᛁᛖᛚ","age":"21","time":"13/04","serial":"19:37:57"},{"id":"5515991637996@s.whatsapp.net","name":"Thiago Elias","age":"17","time":"13/04","serial":"20:06:35"},{"id":"556296936764@s.whatsapp.net","name":"nome Daniizito ","age":"14","time":"13/04","serial":"20:16:23"},{"id":"5516988556807@s.whatsapp.net","name":"Kuru","age":"16","time":"13/04","serial":"20:43:51"},{"id":"559388029975@s.whatsapp.net","name":"Junior","age":"18","time":"13/04","serial":"22:20:20"},{"id":"557999843042@s.whatsapp.net","name":"Gregory","age":"18","time":"13/04","serial":"22:30:56"},{"id":"5511967836983@s.whatsapp.net","name":"Ruciam ","age":" 16","time":"13/04","serial":"23:12:05"},{"id":"5511984628131@s.whatsapp.net","name":"underfined","age":"17","time":"13/04","serial":"23:22:56"},{"id":"5527992351023@s.whatsapp.net","name":"✽ ࣪🍜࣪ ᱹ ɑk࣪ᥲlɪ ִ ꘎ ࣪ ১","age":" 18","time":"13/04","serial":"23:27:31"},{"id":"554197621587@s.whatsapp.net","name":"emily","age":"15","time":"13/04","serial":"23:28:36"},{"id":"558387018246@s.whatsapp.net","name":"Álvaro","age":"17","time":"13/04","serial":"23:49:57"},{"id":"258846696797@s.whatsapp.net","name":"BadFox16","age":"19","time":"14/04","serial":"12:20:08"},{"id":"559294681097@s.whatsapp.net","name":"chomusuke-sama","age":"15","time":"14/04","serial":"12:53:25"},{"id":"557187215035@s.whatsapp.net","name":"*𒅒𒈔Santos𒅒𒈔*","age":"18","time":"14/04","serial":"15:02:50"},{"id":"555399373754@s.whatsapp.net","name":"Luiz","age":"15","time":"14/04","serial":"15:33:54"},{"id":"5511937737590@s.whatsapp.net","name":"᠂࣭. ⃝༘⃕☁️","age":"13","time":"14/04","serial":"16:08:00"},{"id":"18064824228@s.whatsapp.net","name":"mae","age":"26","time":"14/04","serial":"21:19:04"},{"id":"553199040427@s.whatsapp.net","name":"miya","age":"18","time":"14/04","serial":"23:57:22"},{"id":"556193820962@s.whatsapp.net","name":"Matheus","age":"15","time":"15/04","serial":"00:26:23"},{"id":"556283296442@s.whatsapp.net","name":"Itachi","age":"17","time":"15/04","serial":"00:26:49"},{"id":"554784389884@s.whatsapp.net","name":"Erisson","age":"16","time":"15/04","serial":"20:24:07"},{"id":"556384424440@s.whatsapp.net","name":"monica","age":"12","time":"15/04","serial":"20:24:25"},{"id":"258862264853@s.whatsapp.net","name":"Aguiar","age":"18","time":"15/04","serial":"22:09:50"},{"id":"258845403186@s.whatsapp.net","name":"kelvinho","age":"18","time":"15/04","serial":"22:30:14"},{"id":"556384150333@s.whatsapp.net","name":"isaac","age":"14","time":"15/04","serial":"23:06:56"},{"id":"556296188838@s.whatsapp.net","name":"Fox ","age":"17","time":"15/04","serial":"23:51:02"},{"id":"556899839299@s.whatsapp.net","name":"Klaus","age":"67","time":"16/04","serial":"00:02:35"},{"id":"559185208887@s.whatsapp.net","name":"taylor swift","age":"16","time":"16/04","serial":"00:04:21"},{"id":"558695331464@s.whatsapp.net","name":"Gay","age":"110004","time":"16/04","serial":"01:09:46"},{"id":"559196186812@s.whatsapp.net","name":"aizen","age":"17","time":"16/04","serial":"14:08:43"},{"id":"555195969844@s.whatsapp.net","name":"oco","age":"18","time":"16/04","serial":"22:36:44"},{"id":"5521967258754@s.whatsapp.net","name":"IKigaiᎳ∆Ʀ🛡️⚔️","age":"22","time":"16/04","serial":"22:37:41"},{"id":"559183493088@s.whatsapp.net","name":"Reisz","age":"18","time":"16/04","serial":"23:21:38"},{"id":"555499637658@s.whatsapp.net","name":"Emilly","age":"16","time":"16/04","serial":"23:33:29"},{"id":"558293239535@s.whatsapp.net","name":"Thoony","age":"18","time":"16/04","serial":"23:34:51"},{"id":"559185162482@s.whatsapp.net","name":"Yuuta","age":"18","time":"16/04","serial":"23:37:24"},{"id":"557391409217@s.whatsapp.net","name":"potato","age":"15","time":"16/04","serial":"23:38:53"},{"id":"5521984041605@s.whatsapp.net","name":"Jv","age":"15","time":"17/04","serial":"00:24:42"},{"id":"559491343970@s.whatsapp.net","name":"Raylan","age":"19","time":"17/04","serial":"00:25:23"},{"id":"557996329352@s.whatsapp.net","name":"Júlio (The Thunder⚡)","age":"18","time":"17/04","serial":"00:26:03"},{"id":"553398238711@s.whatsapp.net","name":"Alessandro","age":"23","time":"17/04","serial":"00:33:07"},{"id":"5511952151985@s.whatsapp.net","name":"gostosa","age":"18","time":"17/04","serial":"01:22:09"},{"id":"556198272207@s.whatsapp.net","name":"𝔖𝔢𝔫𝔥𝔬𝔯𝔞 ℭ𝔞𝔯𝔡𝔬𝔰𝔬 🖤","age":" 16","time":"17/04","serial":"01:44:51"},{"id":"556391181269@s.whatsapp.net","name":"⏤͟͞𝑳𝒂𝒏𝒏𝒂","age":"18","time":"17/04","serial":"01:54:24"},{"id":"5521974142935@s.whatsapp.net","name":"🐸 𝑹 𝒂 𝒌 𝒊 𝒏 - クラウス🐸","age":"13","time":"17/04","serial":"10:45:45"},{"id":"558586467639@s.whatsapp.net","name":"marcos mombral","age":"idade 20","time":"17/04","serial":"10:57:25"},{"id":"554185005202@s.whatsapp.net","name":"Uchiha","age":"15","time":"17/04","serial":"11:34:23"},{"id":"5527995105103@s.whatsapp.net","name":"patolino🦆","age":"18","time":"17/04","serial":"12:45:26"},{"id":"5521971002426@s.whatsapp.net","name":"U̷c̷h̷i̷h̷a̷ ̷ ՖタՖびケモ","age":"13","time":"17/04","serial":"12:46:13"},{"id":"559981088402@s.whatsapp.net","name":"愛♱Levi ♱愛 ⏤͟͞ঔৣ͡","age":"16","time":"17/04","serial":"12:46:56"},{"id":"5516988260229@s.whatsapp.net","name":"𝕃𝕦𝕗𝕗𝕪🏴‍☠️P̷T̷O̷⃟̷²̷⁸̷³̷","age":"14","time":"17/04","serial":"12:48:16"},{"id":"553498401247@s.whatsapp.net","name":"gaara","age":"16","time":"17/04","serial":"12:51:51"},{"id":"5521992208291@s.whatsapp.net","name":"Dreh","age":"14","time":"17/04","serial":"12:57:23"},{"id":"558398419055@s.whatsapp.net","name":"inozinha","age":"13","time":"17/04","serial":"13:15:58"},{"id":"559189541560@s.whatsapp.net","name":"rah souza ","age":" 17","time":"17/04","serial":"14:11:19"},{"id":"5521998376277@s.whatsapp.net","name":"Rafael","age":"17","time":"17/04","serial":"14:59:04"},{"id":"557398702002@s.whatsapp.net","name":"Wellison","age":"17","time":"17/04","serial":"14:59:56"},{"id":"559182443158@s.whatsapp.net","name":"breno","age":"17","time":"17/04","serial":"15:25:35"},{"id":"559199142388@s.whatsapp.net","name":"Lucy","age":"18","time":"17/04","serial":"15:25:36"},{"id":"558488993999@s.whatsapp.net","name":"Ķāýø jëđşőņ","age":"18","time":"17/04","serial":"17:22:24"},{"id":"5527997456694@s.whatsapp.net","name":"João Victor 🐦🍮 ","age":" 19","time":"17/04","serial":"18:06:05"},{"id":"5515991567260@s.whatsapp.net","name":"Sono","age":"18","time":"17/04","serial":"18:19:11"},{"id":"555192408391@s.whatsapp.net","name":"Erwin Smith","age":"18","time":"17/04","serial":"18:46:07"},{"id":"554184304313@s.whatsapp.net","name":"gostosa","age":"17","time":"17/04","serial":"18:56:41"},{"id":"5518996262848@s.whatsapp.net","name":"Sofia","age":"15","time":"17/04","serial":"19:01:08"},{"id":"258843877816@s.whatsapp.net","name":"°↯🏮lara🏮↯°⁩","age":"16","time":"17/04","serial":"19:15:14"},{"id":"553189647837@s.whatsapp.net","name":"*𒅒𒈔Gabriel𒅒𒈔*","age":"28","time":"17/04","serial":"19:54:42"},{"id":"558587531897@s.whatsapp.net","name":"Seven","age":"18","time":"17/04","serial":"21:01:51"},{"id":"556292280669@s.whatsapp.net","name":"Pain🔥","age":"16","time":"17/04","serial":"21:01:51"},{"id":"559184691753@s.whatsapp.net","name":"kira","age":"19","time":"17/04","serial":"23:38:28"},{"id":"556293226036@s.whatsapp.net","name":"Ryuzaki Pilantragens","age":"18","time":"18/04","serial":"00:47:01"},{"id":"554299421859@s.whatsapp.net","name":"꧁ঔ°✞Vall✞°ঔৣ꧂","age":"17","time":"18/04","serial":"00:48:58"},{"id":"558396058310@s.whatsapp.net","name":"Mateus Lindo❤️🐤","age":"16","time":"18/04","serial":"00:56:50"},{"id":"553195931928@s.whatsapp.net","name":"Bakugou","age":"17","time":"18/04","serial":"01:01:27"},{"id":"553299779622@s.whatsapp.net","name":"felipe","age":"22","time":"18/04","serial":"01:05:40"},{"id":"558171101903@s.whatsapp.net","name":"*~PAO~*","age":"18","time":"18/04","serial":"01:05:55"},{"id":"554191187505@s.whatsapp.net","name":"_Ƴʋri̾ ⃟◇","age":"15","time":"18/04","serial":"01:29:47"},{"id":"258869867121@s.whatsapp.net","name":"Natsu","age":"18","time":"18/04","serial":"01:33:25"},{"id":"556385137090@s.whatsapp.net","name":"ঔৣ͜͡mika💸⃟ꦿ🥀","age":"15","time":"18/04","serial":"01:43:05"},{"id":"554699299597@s.whatsapp.net","name":"BatataFrita","age":"14","time":"18/04","serial":"01:49:26"},{"id":"556295572730@s.whatsapp.net","name":"Kyojuro","age":"16","time":"18/04","serial":"15:53:34"},{"id":"5511962838546@s.whatsapp.net","name":"gostosa","age":"29","time":"18/04","serial":"15:55:54"},{"id":"5515996130941@s.whatsapp.net","name":"anna","age":"14","time":"18/04","serial":"16:13:53"},{"id":"5511988425911@s.whatsapp.net","name":"「𝐎𝐓𝐅」𝐀𝐂𝐊𝐄𝐑𝐌𝐀𝐍⃟⁴¹⁴ 🇧🇪","age":"18","time":"18/04","serial":"16:15:21"},{"id":"258873560081@s.whatsapp.net","name":"alone","age":"17","time":"18/04","serial":"16:23:31"},{"id":"558581236723@s.whatsapp.net","name":"𝑺𝒄𝒂𝒓𝒍𝒆𝒕 𝑾𝒊𝒕𝒄𝒉 ★","age":"15","time":"18/04","serial":"16:25:45"},{"id":"556781763898@s.whatsapp.net","name":"Lucas","age":"14","time":"18/04","serial":"16:33:36"},{"id":"559293283300@s.whatsapp.net","name":"Ana Beatriz","age":"20","time":"18/04","serial":"16:47:34"},{"id":"559299872040@s.whatsapp.net","name":"Suzy","age":"18","time":"18/04","serial":"16:51:16"},{"id":"558582259872@s.whatsapp.net","name":"gereba","age":"17","time":"18/04","serial":"17:50:40"},{"id":"556596203870@s.whatsapp.net","name":"mec","age":"666","time":"18/04","serial":"18:15:37"},{"id":"559199411665@s.whatsapp.net","name":"Pedrin. 🍜","age":"14","time":"19/04","serial":"19:16:18"},{"id":"5518997240325@s.whatsapp.net","name":"LUKZIN MODDER","age":"15","time":"19/04","serial":"20:18:29"},{"id":"554591433391@s.whatsapp.net","name":"⧲⃝➸𐌴ᗫ⃛Ӌ⃛⚫⃢🏴⃚⃛➴","age":"18","time":"19/04","serial":"20:46:44"},{"id":"558398299016@s.whatsapp.net","name":"❄️̸ ࣪ ࣭ ◖kıllʋ︦ɑ ࣪ ࣭ ꔛ ","age":"16","time":"19/04","serial":"21:34:17"},{"id":"559784239970@s.whatsapp.net","name":"𝐀͢𝐊-𝟒𝟕🌀➰ |─͟͞ΛㄥƲℂΔ̸ℜↁ✞꧂","age":"16","time":"20/04","serial":"03:06:28"},{"id":"6282382895228@s.whatsapp.net","name":"Jerukk Anget 🍊","age":"18","time":"20/04","serial":"11:33:26"},{"id":"556198095075@s.whatsapp.net","name":"Kaick Ꮃ∆Ʀ","age":"18","time":"20/04","serial":"12:47:04"},{"id":"557991824342@s.whatsapp.net","name":"☕Fantasm Coffe☕","age":"14","time":"20/04","serial":"15:24:09"},{"id":"558898054580@s.whatsapp.net","name":"∆NJØ","age":"15","time":"20/04","serial":"15:29:07"},{"id":"5511942623147@s.whatsapp.net","name":"𝙇𝙞𝙡 𝙝𝙖𝙨𝙝𝙞","age":"17","time":"20/04","serial":"20:00:14"},{"id":"553797790365@s.whatsapp.net","name":"gostosa","age":"13","time":"20/04","serial":"20:06:23"},{"id":"559293082893@s.whatsapp.net","name":"Heyoom jeong🇰🇷❤️","age":"18","time":"20/04","serial":"20:19:20"},{"id":"558491082132@s.whatsapp.net","name":"paidelas","age":"23","time":"20/04","serial":"20:25:22"},{"id":"5511945769307@s.whatsapp.net","name":"yamato","age":"18","time":"20/04","serial":"23:19:05"},{"id":"5517988431319@s.whatsapp.net","name":"eduardo","age":"15","time":"20/04","serial":"23:19:46"},{"id":"554598326175@s.whatsapp.net","name":"FELIPE ","age":"18","time":"21/04","serial":"10:17:17"},{"id":"554591386965@s.whatsapp.net","name":"Mary❤ ","age":"18","time":"21/04","serial":"10:19:57"},{"id":"5513996086012@s.whatsapp.net","name":"✞︎J̶a̶p̶i̶n̶h̶a̶✞︎","age":" 11","time":"21/04","serial":"10:29:01"},{"id":"553387512904@s.whatsapp.net","name":"Mari","age":"13","time":"21/04","serial":"13:48:31"},{"id":"559784122591@s.whatsapp.net","name":"Brunin","age":"19","time":"21/04","serial":"15:19:15"},{"id":"5518981311219@s.whatsapp.net","name":"Juliana Miranda","age":"22 !menu","time":"21/04","serial":"18:43:44"},{"id":"559982770865@s.whatsapp.net","name":"Hugo Leonardo","age":"16","time":"21/04","serial":"18:44:35"},{"id":"5511949119225@s.whatsapp.net","name":"Danilo de Jesus","age":"18","time":"21/04","serial":"18:46:30"},{"id":"554298000277@s.whatsapp.net","name":"Gabriel Barreto","age":"17","time":"21/04","serial":"18:46:30"},{"id":"559181449982@s.whatsapp.net","name":"Bruno Fernandes","age":"17","time":"21/04","serial":"18:49:29"},{"id":"555192828726@s.whatsapp.net","name":"Matheus❄️[E=m.c^2]","age":"17","time":"21/04","serial":"19:35:58"},{"id":"5511977271267@s.whatsapp.net","name":"L-maid","age":"15","time":"22/04","serial":"18:06:41"},{"id":"553188112332@s.whatsapp.net","name":"⏤͟͟͞͞ঔ𝑳𝑬𝑵𝑵𝑶𝑵𝑲𝑰𝑵𝑮♞፝⃟༘ᬏ᭄","age":"17","time":"24/04","serial":"14:51:39"},{"id":"5519999813057@s.whatsapp.net","name":"Amanda Borges","age":"19","time":"24/04","serial":"15:52:22"},{"id":"558599337793@s.whatsapp.net","name":"Barry Allen","age":"256","time":"24/04","serial":"15:54:20"},{"id":"5511970886954@s.whatsapp.net","name":"Gabriel Roberto","age":"16","time":"24/04","serial":"15:58:33"},{"id":"559996518751@s.whatsapp.net","name":"Ana Carolina","age":"32","time":"24/04","serial":"16:01:49"},{"id":"5522999210088@s.whatsapp.net","name":"Amanda Falcão","age":"22","time":"24/04","serial":"16:13:28"},{"id":"559691409651@s.whatsapp.net","name":"jackline ","age":" 19","time":"24/04","serial":"16:14:18"},{"id":"556799449904@s.whatsapp.net","name":"Elton","age":"1000","time":"24/04","serial":"16:14:52"},{"id":"556793248390@s.whatsapp.net","name":"Thiago","age":"13","time":"24/04","serial":"16:32:56"},{"id":"554298645790@s.whatsapp.net","name":"Gustavo Henrique Hoffmann","age":"15","time":"24/04","serial":"17:33:52"},{"id":"558393987377@s.whatsapp.net","name":"Gost o Ratofumate","age":"17","time":"24/04","serial":"17:34:19"},{"id":"555181879203@s.whatsapp.net","name":"H3rcio","age":"18","time":"24/04","serial":"20:21:14"},{"id":"13068055169@s.whatsapp.net","name":"Leviathan","age":"19","time":"24/04","serial":"20:24:59"},{"id":"5528999205047@s.whatsapp.net","name":"Diego Andrade","age":"16","time":"25/04","serial":"12:51:05"},{"id":"557999908001@s.whatsapp.net","name":"Bruno","age":"18","time":"26/04","serial":"20:45:52"},{"id":"554196704288@s.whatsapp.net","name":"❪❪ ⿁ ݁ ݂ ѕυƙ𝐚ѕꭤ 🧣݂ ⫿","age":"16","time":"28/04","serial":"16:17:24"},{"id":"555196648712@s.whatsapp.net","name":"Jurgenn","age":"13","time":"28/04","serial":"19:38:08"},{"id":"13435005847@s.whatsapp.net","name":"shanks","age":"19","time":"28/04","serial":"19:51:12"},{"id":"18637778932@s.whatsapp.net","name":"𝙊𝙫𝙚𝙧𝙡𝙤𝙧𝙙","age":"18","time":"28/04","serial":"20:24:14"},{"id":"553898905685@s.whatsapp.net","name":"Andrey","age":"16","time":"28/04","serial":"20:33:00"},{"id":"558296078356@s.whatsapp.net","name":"Kawany","age":"17","time":"28/04","serial":"20:33:08"},{"id":"559892131715@s.whatsapp.net","name":"Thamyris","age":"16","time":"28/04","serial":"21:13:00"},{"id":"558487943629@s.whatsapp.net","name":"Priscila ✨(☞^o^) ☞✨","age":"16","time":"29/04","serial":"16:37:53"},{"id":"559293433933@s.whatsapp.net","name":"capetinha na área","age":"19","time":"29/04","serial":"16:44:23"},{"id":"558581455657@s.whatsapp.net","name":"hate","age":"00","time":"29/04","serial":"17:04:24"},{"id":"5522981741282@s.whatsapp.net","name":"ŞΔŦØŘỮ☪️ ǤØĴØ🕉️","age":"15","time":"29/04","serial":"17:19:22"},{"id":"258878102004@s.whatsapp.net","name":"GOLF™","age":"17","time":"29/04","serial":"18:02:45"},{"id":"5518991038956@s.whatsapp.net","name":"Vitor","age":"18","time":"29/04","serial":"18:38:59"},{"id":"557196243357@s.whatsapp.net","name":"Maria Luiza","age":"21","time":"29/04","serial":"18:39:54"},{"id":"5521969013327@s.whatsapp.net","name":"Muel ...shn","age":"20","time":"29/04","serial":"18:48:00"},{"id":"5514997645220@s.whatsapp.net","name":"❤️murilo","age":"boruto❤️","time":"30/04","serial":"17:28:09"},{"id":"5519982511379@s.whatsapp.net","name":"Nicolas Mascara","age":"18","time":"30/04","serial":"17:45:47"},{"id":"554784212314@s.whatsapp.net","name":"Livia","age":"15","time":"30/04","serial":"19:56:40"},{"id":"13069942580@s.whatsapp.net","name":"Yunno","age":"16","time":"30/04","serial":"20:02:32"},{"id":"5513991993669@s.whatsapp.net","name":"Shaquille O'Neal","age":"69","time":"01/05","serial":"16:36:35"},{"id":"5513991229377@s.whatsapp.net","name":"paróla","age":"234","time":"01/05","serial":"16:37:51"},{"id":"553898516060@s.whatsapp.net","name":"㝣 ۪ׄ mᦒnk͟ᧉч Ꭰ 𐓷 ׂ۪ 🪐̷̸","age":" 23","time":"01/05","serial":"16:51:17"},{"id":"554599044496@s.whatsapp.net","name":"Garota sht 🔥","age":"18","time":"01/05","serial":"16:55:20"},{"id":"5521989441870@s.whatsapp.net","name":"Vlucs","age":"18","time":"01/05","serial":"16:58:27"},{"id":"17743770417@s.whatsapp.net","name":"2018vr","age":"20","time":"01/05","serial":"17:14:04"},{"id":"558981277882@s.whatsapp.net","name":"🔥፝⃟ - ꦿ⃟ۜ✯ℝ𝔸𝔾ℕ𝔸ℝˢʰᶦᵗ✞","age":"18","time":"02/05","serial":"22:34:08"},{"id":"5511996563452@s.whatsapp.net","name":"⃯⃟ᬉ͜͡ᳱ⃯𝐀⃯𝐍⃯𝐉⃯𝐎⃯⸸᭄♘","age":"18","time":"02/05","serial":"22:48:10"},{"id":"5511983181805@s.whatsapp.net","name":"꧁༒︎☠︎︎🝤𝑃𝑟𝑖𝑛𝑐𝑒🝤☠︎︎༒︎꧂","age":"15","time":"03/05","serial":"14:49:11"},{"id":"558499014624@s.whatsapp.net","name":"KingGrds🖤","age":"18","time":"03/05","serial":"15:16:28"},{"id":"559192838373@s.whatsapp.net","name":"nescau ","age":"18","time":"03/05","serial":"18:45:47"},{"id":"559191650025@s.whatsapp.net","name":"CS444 ","age":"444","time":"03/05","serial":"18:46:09"},{"id":"555180354131@s.whatsapp.net","name":"yu ishigami🖤 ","age":" 15","time":"03/05","serial":"22:02:19"},{"id":"556792469529@s.whatsapp.net","name":"Ademir","age":"19","time":"03/05","serial":"22:02:39"},{"id":"558694902070@s.whatsapp.net","name":"Hannabi","age":"14","time":"03/05","serial":"22:22:02"},{"id":"555193858274@s.whatsapp.net","name":"kyro","age":"17","time":"03/05","serial":"23:26:49"},{"id":"558781783366@s.whatsapp.net","name":"kid bengala","age":"infinito","time":"03/05","serial":"23:40:40"},{"id":"556592451566@s.whatsapp.net","name":"Calando","age":"14","time":"03/05","serial":"23:48:34"},{"id":"5524992055609@s.whatsapp.net","name":"Kitty samurai","age":"21","time":"04/05","serial":"01:39:34"},{"id":"5518996779013@s.whatsapp.net","name":"brunin","age":"14","time":"04/05","serial":"01:51:56"},{"id":"557399483717@s.whatsapp.net","name":"༄ᏞᎬᎦᎢᎬᏒ™ꪶ͢𝟐𝟎𝟕𝟕ꫂⷯ 🔥","age":"18","time":"05/05","serial":"19:21:41"},{"id":"559884859338@s.whatsapp.net","name":"Sayto","age":" 20","time":"05/05","serial":"20:21:21"},{"id":"5519982141977@s.whatsapp.net","name":"daniel","age":"15","time":"06/05","serial":"00:15:46"},{"id":"559180733687@s.whatsapp.net","name":"Bruno","age":"18","time":"06/05","serial":"00:17:19"},{"id":"559292708365@s.whatsapp.net","name":"Dynho122H🖤👿","age":"18","time":"06/05","serial":"00:41:29"},{"id":"5511941660193@s.whatsapp.net","name":"⚡Erik Ghost⚡","age":"17","time":"06/05","serial":"00:46:03"},{"id":"558699384979@s.whatsapp.net","name":"✞ᴳᵒᵈ𖥨ํ∘̥⃟⸽⃟⇝͜͡�ۍ̭̭⧽͜͜","age":"13","time":"06/05","serial":"00:47:57"},{"id":"554896751233@s.whatsapp.net","name":"𝑇𝐸Ʋ𝑆 ☕🖤 ","age":"19","time":"06/05","serial":"00:50:11"},{"id":"5511951342889@s.whatsapp.net","name":"G h o s t","age":"18","time":"06/05","serial":"01:47:58"},{"id":"554384524922@s.whatsapp.net","name":"Sabão🧼","age":"15","time":"06/05","serial":"11:23:05"},{"id":"5519983733591@s.whatsapp.net","name":"𒋨꧁𖥱𖥱mr shelbe𖥱𖥱꧂𒋨","age":"15","time":"06/05","serial":"11:31:59"},{"id":"5515998324153@s.whatsapp.net","name":"carlton","age":"18","time":"06/05","serial":"12:38:33"},{"id":"553591568843@s.whatsapp.net","name":"Dororo","age":"18","time":"06/05","serial":"13:04:02"},{"id":"559294487685@s.whatsapp.net","name":"José Inácio","age":"15","time":"06/05","serial":"13:42:49"},{"id":"5524999066877@s.whatsapp.net","name":"Lucas","age":"21","time":"09/05","serial":"14:45:36"},{"id":"5521972174056@s.whatsapp.net","name":"Clinnder Rodrigues","age":"18","time":"09/05","serial":"14:53:47"},{"id":"5522998836217@s.whatsapp.net","name":"Márcio Junior","age":"17","time":"09/05","serial":"19:34:02"},{"id":"5522988243242@s.whatsapp.net","name":"jao comedor de casadas","age":" 17","time":"09/05","serial":"19:36:06"},{"id":"558196793433@s.whatsapp.net","name":"thalis tadeu","age":"18","time":"09/05","serial":"19:36:37"},{"id":"5522997273800@s.whatsapp.net","name":"kami a burtheflui","age":" 15","time":"09/05","serial":"19:37:23"},{"id":"5511944533687@s.whatsapp.net","name":"Hopexxz","age":"18","time":"09/05","serial":"20:06:53"},{"id":"557498038901@s.whatsapp.net","name":"patman Baiano","age":"16","time":"09/05","serial":"20:14:26"},{"id":"258876349935@s.whatsapp.net","name":"Elvin D. Luffy","age":"17","time":"09/05","serial":"20:18:05"},{"id":"556992591412@s.whatsapp.net","name":"Eliedson Italiano","age":"18","time":"09/05","serial":"20:32:12"},{"id":"5522988150072@s.whatsapp.net","name":"IasminEstrada ","age":"15","time":"09/05","serial":"21:54:08"},{"id":"16393988875@s.whatsapp.net","name":"Leviathan","age":"19","time":"09/05","serial":"21:59:09"},{"id":"554896789407@s.whatsapp.net","name":"gostosa","age":"18","time":"09/05","serial":"23:11:37"},{"id":"556384294383@s.whatsapp.net","name":"Abacate Fantasminha","age":"16","time":"09/05","serial":"23:24:55"},{"id":"556194419838@s.whatsapp.net","name":"Matheus","age":"18","time":"09/05","serial":"23:36:10"},{"id":"554588006040@s.whatsapp.net","name":"ナナイ•𝙽𝚊𝚗𝚊𝚢","age":"18","time":"09/05","serial":"23:41:36"},{"id":"554791969036@s.whatsapp.net","name":"victor","age":"13","time":"10/05","serial":"00:08:37"},{"id":"555481531782@s.whatsapp.net","name":"ᴹᴵᴺᴵ ঔৣ͜͡࿈ꪶ𝒀͢𝑼𝑮͢𝜤ꫂ࿇͜͡࿃༅","age":"14","time":"10/05","serial":"18:18:43"},{"id":"559191393773@s.whatsapp.net","name":"teucu","age":"18","time":"10/05","serial":"19:14:01"},{"id":"558598134059@s.whatsapp.net","name":"janny","age":"13","time":"10/05","serial":"20:49:31"},{"id":"558599893924@s.whatsapp.net","name":"MxT","age":"85","time":"10/05","serial":"21:02:47"},{"id":"554898549073@s.whatsapp.net","name":"igor","age":"18","time":"11/05","serial":"17:46:47"},{"id":"554299461575@s.whatsapp.net","name":"Cleitin do Pastel","age":"14","time":"11/05","serial":"18:35:16"},{"id":"558496136817@s.whatsapp.net","name":"max","age":"26","time":"11/05","serial":"20:47:27"},{"id":"553191117934@s.whatsapp.net","name":"henriwolf 13","age":"18","time":"11/05","serial":"21:25:11"},{"id":"559184726680@s.whatsapp.net","name":"𝔇 𝔬 𝔲 𝔱 𝔬 𝔯 ℨ 𝔢 𝔯 𝔬","age":"18 |idade - 17","time":"11/05","serial":"21:50:15"},{"id":"5517991397624@s.whatsapp.net","name":"愛 ۪ׄ 👑 𐓷 Rʋk͟αs𝙪 ᴼᴴ ❁ ׄ","age":"18","time":"11/05","serial":"21:54:07"},{"id":"559391836205@s.whatsapp.net","name":"carlos","age":"17","time":"11/05","serial":"22:54:16"},{"id":"5511944017896@s.whatsapp.net","name":"Myhouse","age":"18","time":"11/05","serial":"23:46:03"},{"id":"559891820642@s.whatsapp.net","name":"Jadson","age":"18","time":"12/05","serial":"10:23:59"},{"id":"556282365581@s.whatsapp.net","name":"dudu","age":"16","time":"12/05","serial":"11:41:11"},{"id":"258873886595@s.whatsapp.net","name":"James","age":"14","time":"12/05","serial":"11:42:04"},{"id":"558592921351@s.whatsapp.net","name":"dougrasgostoso","age":"14","time":"12/05","serial":"12:22:58"},{"id":"5511978781430@s.whatsapp.net","name":"Hage","age":"20","time":"12/05","serial":"18:11:03"},{"id":"258842989410@s.whatsapp.net","name":"RUI","age":"23","time":"12/05","serial":"18:11:10"},{"id":"258855666215@s.whatsapp.net","name":"Batman","age":"16","time":"12/05","serial":"18:11:54"},{"id":"258855050973@s.whatsapp.net","name":"👁️‍🗨️Kanekiくん*🔰⃟ANP⃢ 🎱*","age":"18","time":"12/05","serial":"18:15:31"},{"id":"559391114049@s.whatsapp.net","name":"Kαıσ ∂e cσѕтα","age":"18","time":"12/05","serial":"19:40:18"},{"id":"557996888906@s.whatsapp.net","name":"Maria Jhoiane","age":"16","time":"12/05","serial":"20:18:29"},{"id":"258874754877@s.whatsapp.net","name":"⏤͟͞ঔৣ͜͡SX_🆃︎🅰︎🆈︎🅻︎🅾︎🆁︎ ⃟〭","age":"18","time":"12/05","serial":"20:27:47"},{"id":"5516981609360@s.whatsapp.net","name":"Luiz Henrique","age":"20","time":"12/05","serial":"20:59:45"},{"id":"558594441816@s.whatsapp.net","name":"Micael ","age":" 16","time":"12/05","serial":"21:00:48"},{"id":"559188216608@s.whatsapp.net","name":"Alessandro","age":"16","time":"12/05","serial":"21:19:27"},{"id":"556385009238@s.whatsapp.net","name":"Miranha Mestre do u\nUniverso","age":"18","time":"12/05","serial":"21:34:46"},{"id":"5519995947884@s.whatsapp.net","name":"sapo","age":"18","time":"13/05","serial":"02:05:25"},{"id":"556798977198@s.whatsapp.net","name":"亗 MR. PRINCE ×͜×","age":"15","time":"13/05","serial":"02:08:01"},{"id":"559491137431@s.whatsapp.net","name":"Marsh","age":"198","time":"13/05","serial":"02:11:27"},{"id":"5511957310082@s.whatsapp.net","name":"Thiago","age":"18","time":"13/05","serial":"15:12:06"},{"id":"258847689302@s.whatsapp.net","name":"ミＰＡＩＮ⁺²⁵⁸","age":"16","time":"13/05","serial":"15:26:47"},{"id":"258852516983@s.whatsapp.net","name":"TETOzin","age":"16","time":"13/05","serial":"15:27:07"},{"id":"558396364811@s.whatsapp.net","name":"Umaki°•.© *🔰⃟ANP⃢ 🎱*","age":"18","time":"13/05","serial":"15:28:21"},{"id":"554195398790@s.whatsapp.net","name":"Adryan ₒₛ","age":"15","time":"13/05","serial":"15:30:01"},{"id":"558988110472@s.whatsapp.net","name":"🇧🇷⃟ 𝙅𝙀𝘿𝘼𝙄 𝙎𝙃𝙄𝙏 ⃟🇧🇷","age":"18","time":"13/05","serial":"15:37:56"},{"id":"557996377856@s.whatsapp.net","name":"Ayslan","age":"18","time":"13/05","serial":"15:48:36"},{"id":"557996714055@s.whatsapp.net","name":"floquinho","age":"57","time":"13/05","serial":"15:54:08"},{"id":"258865010307@s.whatsapp.net","name":"MJ","age":"18","time":"13/05","serial":"15:59:14"},{"id":"258862189212@s.whatsapp.net","name":"Van","age":"16","time":"13/05","serial":"16:06:10"},{"id":"258870116658@s.whatsapp.net","name":"SuramoNr4","age":"15","time":"13/05","serial":"16:13:00"},{"id":"5511949526421@s.whatsapp.net","name":"amora","age":"12","time":"13/05","serial":"16:17:09"},{"id":"994406761835@s.whatsapp.net","name":"MatheusGS","age":"15","time":"13/05","serial":"16:48:21"},{"id":"258847449148@s.whatsapp.net","name":"izuku","age":"14","time":"13/05","serial":"18:28:44"},{"id":"258844224432@s.whatsapp.net","name":"awm","age":"18","time":"13/05","serial":"18:29:37"},{"id":"553191462627@s.whatsapp.net","name":"Ismael","age":"16","time":"13/05","serial":"19:02:03"},{"id":"17402471094@s.whatsapp.net","name":"𝑾𝑰𝑵𝑻𝑬𝑹 ⁶⁹ 〆","age":"18","time":"14/05","serial":"01:07:53"},{"id":"5511932150357@s.whatsapp.net","name":"thunder","age":"18","time":"16/05","serial":"21:02:03"},{"id":"554499954748@s.whatsapp.net","name":"ꪶᬊ͜͡ 𝑺𝑨𝑺𝑶𝑹𝑰ꫂꪶᬊ͜͡","age":"18","time":"17/05","serial":"12:13:26"},{"id":"558288298485@s.whatsapp.net","name":"꧁ঔৣ☬✞ˢʳ. ᵏᵒʳᵒˢᵉⁿˢᵉⁱ✞☬ঔৣ꧂","age":"18","time":"17/05","serial":"12:18:52"},{"id":"5516991888624@s.whatsapp.net","name":"Rengoku","age":"15","time":"17/05","serial":"12:22:29"},{"id":"5516996050359@s.whatsapp.net","name":"Cauazin23","age":"15","time":"18/05","serial":"23:31:46"},{"id":"5512996280897@s.whatsapp.net","name":"✧͢⃟◌❫⸙♚⃟ཷ༄⟮yuuki Hyraka","age":"18","time":"21/05","serial":"18:22:49"},{"id":"258856589989@s.whatsapp.net","name":"Killer","age":"16","time":"21/05","serial":"18:25:09"},{"id":"556884031768@s.whatsapp.net","name":"Raimundo","age":"66","time":"22/05","serial":"16:17:42"},{"id":"5524998715045@s.whatsapp.net","name":"mingau","age":"17","time":"22/05","serial":"16:38:26"},{"id":"556192451874@s.whatsapp.net","name":"'-'","age":"18","time":"22/05","serial":"16:41:50"},{"id":"558396273264@s.whatsapp.net","name":"marsh","age":"16","time":"22/05","serial":"16:46:48"},{"id":"994407526251@s.whatsapp.net","name":"borutinho_uzu","age":"13","time":"22/05","serial":"17:31:08"},{"id":"553799819665@s.whatsapp.net","name":"Zé pingola","age":"18","time":"23/05","serial":"15:27:12"},{"id":"557491299737@s.whatsapp.net","name":"kazuma","age":"16","time":"23/05","serial":"19:59:14"},{"id":"5512981033979@s.whatsapp.net","name":"ykyato","age":"18","time":"23/05","serial":"20:11:34"},{"id":"558589465512@s.whatsapp.net","name":"Plutãozin","age":"13","time":"23/05","serial":"20:38:42"},{"id":"556684185851@s.whatsapp.net","name":"Lubbock🍡","age":"18","time":"23/05","serial":"20:41:47"},{"id":"5511990102273@s.whatsapp.net","name":"Jorgão cana braba","age":"43","time":"23/05","serial":"20:52:14"},{"id":"5527988186030@s.whatsapp.net","name":"18 ","age":" gringopikachu","time":"23/05","serial":"21:23:26"},{"id":"5515997974903@s.whatsapp.net","name":"Kaori Hyuuga","age":"18","time":"23/05","serial":"21:29:46"},{"id":"595976856231@s.whatsapp.net","name":"B͍̼̻a̢̡͜d͚̪̼G̡͍̺۞͙̙͉L̢̢̦D͔͜","age":"18","time":"23/05","serial":"21:46:19"},{"id":"552198376277@s.whatsapp.net","name":"H̷i̷r̷e̷_̷S̷h̷i̷t̷","age":"20","time":"24/05","serial":"09:32:29"},{"id":"558487590474@s.whatsapp.net","name":"Gabrielf2k3","age":"17","time":"24/05","serial":"09:47:32"},{"id":"557998174370@s.whatsapp.net","name":"YuTan","age":"16","time":"24/05","serial":"09:55:50"},{"id":"558695769229@s.whatsapp.net","name":"Kudasaii","age":"18","time":"24/05","serial":"10:54:28"},{"id":"558497040436@s.whatsapp.net","name":"darkkkj","age":"14","time":"25/05","serial":"15:26:14"},{"id":"557191484474@s.whatsapp.net","name":"Akͮiⷭoͯ kͦiⷪtⷬsͤuⷡnⷡeͬ","age":"18","time":"25/05","serial":"16:17:58"}]